-- MySQL dump 10.13  Distrib 8.0.28, for macos11 (x86_64)
--
-- Host: 127.0.0.1    Database: tour
-- ------------------------------------------------------
-- Server version	8.0.28

/*!40101 SET @OLD_CHARACTER_SET_CLIENT=@@CHARACTER_SET_CLIENT */;
/*!40101 SET @OLD_CHARACTER_SET_RESULTS=@@CHARACTER_SET_RESULTS */;
/*!40101 SET @OLD_COLLATION_CONNECTION=@@COLLATION_CONNECTION */;
/*!50503 SET NAMES utf8 */;
/*!40103 SET @OLD_TIME_ZONE=@@TIME_ZONE */;
/*!40103 SET TIME_ZONE='+00:00' */;
/*!40014 SET @OLD_UNIQUE_CHECKS=@@UNIQUE_CHECKS, UNIQUE_CHECKS=0 */;
/*!40014 SET @OLD_FOREIGN_KEY_CHECKS=@@FOREIGN_KEY_CHECKS, FOREIGN_KEY_CHECKS=0 */;
/*!40101 SET @OLD_SQL_MODE=@@SQL_MODE, SQL_MODE='NO_AUTO_VALUE_ON_ZERO' */;
/*!40111 SET @OLD_SQL_NOTES=@@SQL_NOTES, SQL_NOTES=0 */;

--
-- Table structure for table `admins`
--

DROP TABLE IF EXISTS `admins`;
/*!40101 SET @saved_cs_client     = @@character_set_client */;
/*!50503 SET character_set_client = utf8mb4 */;
CREATE TABLE `admins` (
  `user_id` int NOT NULL,
  PRIMARY KEY (`user_id`),
  CONSTRAINT `admins_ibfk_1` FOREIGN KEY (`user_id`) REFERENCES `users` (`id`) ON DELETE CASCADE ON UPDATE CASCADE
) ENGINE=InnoDB DEFAULT CHARSET=utf8mb4 COLLATE=utf8mb4_0900_ai_ci;
/*!40101 SET character_set_client = @saved_cs_client */;

--
-- Dumping data for table `admins`
--

LOCK TABLES `admins` WRITE;
/*!40000 ALTER TABLE `admins` DISABLE KEYS */;
/*!40000 ALTER TABLE `admins` ENABLE KEYS */;
UNLOCK TABLES;

--
-- Table structure for table `advertisers`
--

DROP TABLE IF EXISTS `advertisers`;
/*!40101 SET @saved_cs_client     = @@character_set_client */;
/*!50503 SET character_set_client = utf8mb4 */;
CREATE TABLE `advertisers` (
  `user_id` int NOT NULL,
  PRIMARY KEY (`user_id`),
  CONSTRAINT `advertisers_ibfk_1` FOREIGN KEY (`user_id`) REFERENCES `users` (`id`) ON DELETE CASCADE ON UPDATE CASCADE
) ENGINE=InnoDB DEFAULT CHARSET=utf8mb4 COLLATE=utf8mb4_0900_ai_ci;
/*!40101 SET character_set_client = @saved_cs_client */;

--
-- Dumping data for table `advertisers`
--

LOCK TABLES `advertisers` WRITE;
/*!40000 ALTER TABLE `advertisers` DISABLE KEYS */;
/*!40000 ALTER TABLE `advertisers` ENABLE KEYS */;
UNLOCK TABLES;

--
-- Table structure for table `advertisments`
--

DROP TABLE IF EXISTS `advertisments`;
/*!40101 SET @saved_cs_client     = @@character_set_client */;
/*!50503 SET character_set_client = utf8mb4 */;
CREATE TABLE `advertisments` (
  `id` int NOT NULL AUTO_INCREMENT,
  `advertiser_id` int DEFAULT NULL,
  `tour_id` int DEFAULT NULL,
  `description` text,
  `coverPhoto` varchar(255) DEFAULT NULL,
  PRIMARY KEY (`id`),
  KEY `advertiser_id` (`advertiser_id`),
  KEY `tour_id` (`tour_id`),
  CONSTRAINT `advertisments_ibfk_1` FOREIGN KEY (`advertiser_id`) REFERENCES `advertisers` (`user_id`) ON DELETE CASCADE ON UPDATE CASCADE,
  CONSTRAINT `advertisments_ibfk_2` FOREIGN KEY (`tour_id`) REFERENCES `tours` (`id`) ON DELETE CASCADE ON UPDATE CASCADE
) ENGINE=InnoDB DEFAULT CHARSET=utf8mb4 COLLATE=utf8mb4_0900_ai_ci;
/*!40101 SET character_set_client = @saved_cs_client */;

--
-- Dumping data for table `advertisments`
--

LOCK TABLES `advertisments` WRITE;
/*!40000 ALTER TABLE `advertisments` DISABLE KEYS */;
/*!40000 ALTER TABLE `advertisments` ENABLE KEYS */;
UNLOCK TABLES;

--
-- Table structure for table `authorities`
--

DROP TABLE IF EXISTS `authorities`;
/*!40101 SET @saved_cs_client     = @@character_set_client */;
/*!50503 SET character_set_client = utf8mb4 */;
CREATE TABLE `authorities` (
  `user_id` int NOT NULL,
  PRIMARY KEY (`user_id`),
  CONSTRAINT `authorities_ibfk_1` FOREIGN KEY (`user_id`) REFERENCES `users` (`id`) ON DELETE CASCADE ON UPDATE CASCADE
) ENGINE=InnoDB DEFAULT CHARSET=utf8mb4 COLLATE=utf8mb4_0900_ai_ci;
/*!40101 SET character_set_client = @saved_cs_client */;

--
-- Dumping data for table `authorities`
--

LOCK TABLES `authorities` WRITE;
/*!40000 ALTER TABLE `authorities` DISABLE KEYS */;
/*!40000 ALTER TABLE `authorities` ENABLE KEYS */;
UNLOCK TABLES;

--
-- Table structure for table `certification`
--

DROP TABLE IF EXISTS `certification`;
/*!40101 SET @saved_cs_client     = @@character_set_client */;
/*!50503 SET character_set_client = utf8mb4 */;
CREATE TABLE `certification` (
  `id` int NOT NULL AUTO_INCREMENT,
  `tourCreatorID` int DEFAULT NULL,
  `authorityID` int DEFAULT NULL,
  `acceptance` tinyint(1) DEFAULT NULL,
  `url` varchar(255) DEFAULT NULL,
  PRIMARY KEY (`id`),
  KEY `tourCreatorID` (`tourCreatorID`),
  KEY `authorityID` (`authorityID`),
  CONSTRAINT `certification_ibfk_1` FOREIGN KEY (`tourCreatorID`) REFERENCES `tour_creators` (`user_id`) ON DELETE CASCADE ON UPDATE CASCADE,
  CONSTRAINT `certification_ibfk_2` FOREIGN KEY (`authorityID`) REFERENCES `authorities` (`user_id`) ON DELETE CASCADE ON UPDATE CASCADE
) ENGINE=InnoDB DEFAULT CHARSET=utf8mb4 COLLATE=utf8mb4_0900_ai_ci;
/*!40101 SET character_set_client = @saved_cs_client */;

--
-- Dumping data for table `certification`
--

LOCK TABLES `certification` WRITE;
/*!40000 ALTER TABLE `certification` DISABLE KEYS */;
/*!40000 ALTER TABLE `certification` ENABLE KEYS */;
UNLOCK TABLES;

--
-- Table structure for table `checkPoints`
--

DROP TABLE IF EXISTS `checkPoints`;
/*!40101 SET @saved_cs_client     = @@character_set_client */;
/*!50503 SET character_set_client = utf8mb4 */;
CREATE TABLE `checkPoints` (
  `id` int NOT NULL,
  `objectID` int NOT NULL,
  `tour_id` int NOT NULL,
  `roomNum` int NOT NULL,
  `place_id` int NOT NULL,
  `previousCheckPoint` int DEFAULT NULL,
  PRIMARY KEY (`id`,`objectID`,`tour_id`,`roomNum`,`place_id`),
  KEY `objectID` (`objectID`),
  KEY `tour_id` (`tour_id`),
  KEY `roomNum` (`roomNum`),
  KEY `place_id` (`place_id`),
  KEY `previousCheckPoint` (`previousCheckPoint`),
  CONSTRAINT `checkpoints_ibfk_1` FOREIGN KEY (`objectID`) REFERENCES `objects` (`id`) ON DELETE CASCADE ON UPDATE CASCADE,
  CONSTRAINT `checkpoints_ibfk_2` FOREIGN KEY (`tour_id`) REFERENCES `tours` (`id`) ON DELETE CASCADE ON UPDATE CASCADE,
  CONSTRAINT `checkpoints_ibfk_3` FOREIGN KEY (`roomNum`) REFERENCES `rooms` (`id`) ON DELETE CASCADE ON UPDATE CASCADE,
  CONSTRAINT `checkpoints_ibfk_4` FOREIGN KEY (`place_id`) REFERENCES `places` (`id`) ON DELETE CASCADE ON UPDATE CASCADE,
  CONSTRAINT `checkpoints_ibfk_5` FOREIGN KEY (`previousCheckPoint`) REFERENCES `checkPoints` (`id`) ON DELETE CASCADE ON UPDATE CASCADE
) ENGINE=InnoDB DEFAULT CHARSET=utf8mb4 COLLATE=utf8mb4_0900_ai_ci;
/*!40101 SET character_set_client = @saved_cs_client */;

--
-- Dumping data for table `checkPoints`
--

LOCK TABLES `checkPoints` WRITE;
/*!40000 ALTER TABLE `checkPoints` DISABLE KEYS */;
/*!40000 ALTER TABLE `checkPoints` ENABLE KEYS */;
UNLOCK TABLES;

--
-- Table structure for table `comments`
--

DROP TABLE IF EXISTS `comments`;
/*!40101 SET @saved_cs_client     = @@character_set_client */;
/*!50503 SET character_set_client = utf8mb4 */;
CREATE TABLE `comments` (
  `id` int NOT NULL,
  `visitor_id` int NOT NULL,
  `tour_id` int NOT NULL,
  `content` text,
  `postDate` date DEFAULT NULL,
  PRIMARY KEY (`id`,`visitor_id`,`tour_id`),
  KEY `visitor_id` (`visitor_id`),
  KEY `tour_id` (`tour_id`),
  CONSTRAINT `comments_ibfk_1` FOREIGN KEY (`visitor_id`) REFERENCES `visitors` (`user_id`) ON DELETE CASCADE ON UPDATE CASCADE,
  CONSTRAINT `comments_ibfk_2` FOREIGN KEY (`tour_id`) REFERENCES `tours` (`id`) ON DELETE CASCADE ON UPDATE CASCADE
) ENGINE=InnoDB DEFAULT CHARSET=utf8mb4 COLLATE=utf8mb4_0900_ai_ci;
/*!40101 SET character_set_client = @saved_cs_client */;

--
-- Dumping data for table `comments`
--

LOCK TABLES `comments` WRITE;
/*!40000 ALTER TABLE `comments` DISABLE KEYS */;
/*!40000 ALTER TABLE `comments` ENABLE KEYS */;
UNLOCK TABLES;

--
-- Table structure for table `hunts`
--

DROP TABLE IF EXISTS `hunts`;
/*!40101 SET @saved_cs_client     = @@character_set_client */;
/*!50503 SET character_set_client = utf8mb4 */;
CREATE TABLE `hunts` (
  `visitor_id` int NOT NULL,
  `tour_id` int NOT NULL,
  PRIMARY KEY (`visitor_id`,`tour_id`),
  KEY `tour_id` (`tour_id`),
  CONSTRAINT `hunts_ibfk_1` FOREIGN KEY (`visitor_id`) REFERENCES `visitors` (`user_id`) ON DELETE CASCADE ON UPDATE CASCADE,
  CONSTRAINT `hunts_ibfk_2` FOREIGN KEY (`tour_id`) REFERENCES `tours` (`id`) ON DELETE CASCADE ON UPDATE CASCADE
) ENGINE=InnoDB DEFAULT CHARSET=utf8mb4 COLLATE=utf8mb4_0900_ai_ci;
/*!40101 SET character_set_client = @saved_cs_client */;

--
-- Dumping data for table `hunts`
--

LOCK TABLES `hunts` WRITE;
/*!40000 ALTER TABLE `hunts` DISABLE KEYS */;
/*!40000 ALTER TABLE `hunts` ENABLE KEYS */;
UNLOCK TABLES;

--
-- Table structure for table `nodes`
--

DROP TABLE IF EXISTS `nodes`;
/*!40101 SET @saved_cs_client     = @@character_set_client */;
/*!50503 SET character_set_client = utf8mb4 */;
CREATE TABLE `nodes` (
  `id` int NOT NULL AUTO_INCREMENT,
  `place_id` int NOT NULL,
  `roomNum` int NOT NULL,
  `previousNode` int DEFAULT NULL,
  `distance` int DEFAULT NULL,
  PRIMARY KEY (`id`,`place_id`,`roomNum`),
  KEY `place_id` (`place_id`),
  KEY `roomNum` (`roomNum`),
  KEY `previousNode` (`previousNode`),
  CONSTRAINT `nodes_ibfk_1` FOREIGN KEY (`place_id`) REFERENCES `places` (`id`) ON DELETE CASCADE ON UPDATE CASCADE,
  CONSTRAINT `nodes_ibfk_2` FOREIGN KEY (`roomNum`) REFERENCES `rooms` (`id`) ON DELETE CASCADE ON UPDATE CASCADE,
  CONSTRAINT `nodes_ibfk_3` FOREIGN KEY (`previousNode`) REFERENCES `nodes` (`id`) ON DELETE CASCADE ON UPDATE CASCADE
) ENGINE=InnoDB DEFAULT CHARSET=utf8mb4 COLLATE=utf8mb4_0900_ai_ci;
/*!40101 SET character_set_client = @saved_cs_client */;

--
-- Dumping data for table `nodes`
--

LOCK TABLES `nodes` WRITE;
/*!40000 ALTER TABLE `nodes` DISABLE KEYS */;
/*!40000 ALTER TABLE `nodes` ENABLE KEYS */;
UNLOCK TABLES;

--
-- Table structure for table `objects`
--

DROP TABLE IF EXISTS `objects`;
/*!40101 SET @saved_cs_client     = @@character_set_client */;
/*!50503 SET character_set_client = utf8mb4 */;
CREATE TABLE `objects` (
  `id` int NOT NULL AUTO_INCREMENT,
  `place_id` int NOT NULL,
  `name` varchar(150) DEFAULT NULL,
  `roomNum` int NOT NULL,
  `CoverPhoto` varchar(255) DEFAULT NULL,
  PRIMARY KEY (`id`,`place_id`,`roomNum`),
  KEY `place_id` (`place_id`),
  KEY `roomNum` (`roomNum`),
  CONSTRAINT `objects_ibfk_1` FOREIGN KEY (`place_id`) REFERENCES `places` (`id`) ON DELETE CASCADE ON UPDATE CASCADE,
  CONSTRAINT `objects_ibfk_2` FOREIGN KEY (`roomNum`) REFERENCES `rooms` (`id`) ON DELETE CASCADE ON UPDATE CASCADE
) ENGINE=InnoDB DEFAULT CHARSET=utf8mb4 COLLATE=utf8mb4_0900_ai_ci;
/*!40101 SET character_set_client = @saved_cs_client */;

--
-- Dumping data for table `objects`
--

LOCK TABLES `objects` WRITE;
/*!40000 ALTER TABLE `objects` DISABLE KEYS */;
/*!40000 ALTER TABLE `objects` ENABLE KEYS */;
UNLOCK TABLES;

--
-- Table structure for table `places`
--

DROP TABLE IF EXISTS `places`;
/*!40101 SET @saved_cs_client     = @@character_set_client */;
/*!50503 SET character_set_client = utf8mb4 */;
CREATE TABLE `places` (
  `id` int NOT NULL AUTO_INCREMENT,
  `name` varchar(150) DEFAULT NULL,
  `location` varchar(255) DEFAULT NULL,
  `type` varchar(30) DEFAULT NULL,
  `phone_number` varchar(20) DEFAULT NULL,
  `description` text,
  PRIMARY KEY (`id`)
) ENGINE=InnoDB DEFAULT CHARSET=utf8mb4 COLLATE=utf8mb4_0900_ai_ci;
/*!40101 SET character_set_client = @saved_cs_client */;

--
-- Dumping data for table `places`
--

LOCK TABLES `places` WRITE;
/*!40000 ALTER TABLE `places` DISABLE KEYS */;
/*!40000 ALTER TABLE `places` ENABLE KEYS */;
UNLOCK TABLES;

--
-- Table structure for table `preferences`
--

DROP TABLE IF EXISTS `preferences`;
/*!40101 SET @saved_cs_client     = @@character_set_client */;
/*!50503 SET character_set_client = utf8mb4 */;
CREATE TABLE `preferences` (
  `id` int NOT NULL AUTO_INCREMENT,
  `preference` varchar(30) DEFAULT NULL,
  PRIMARY KEY (`id`)
) ENGINE=InnoDB AUTO_INCREMENT=7 DEFAULT CHARSET=utf8mb4 COLLATE=utf8mb4_0900_ai_ci;
/*!40101 SET character_set_client = @saved_cs_client */;

--
-- Dumping data for table `preferences`
--

LOCK TABLES `preferences` WRITE;
/*!40000 ALTER TABLE `preferences` DISABLE KEYS */;
INSERT INTO `preferences` VALUES (1,'History'),(2,'Fun'),(3,'Action'),(4,'Fasion'),(5,'Art'),(6,'Religious');
/*!40000 ALTER TABLE `preferences` ENABLE KEYS */;
UNLOCK TABLES;

--
-- Table structure for table `ratings`
--

DROP TABLE IF EXISTS `ratings`;
/*!40101 SET @saved_cs_client     = @@character_set_client */;
/*!50503 SET character_set_client = utf8mb4 */;
CREATE TABLE `ratings` (
  `visitor_id` int NOT NULL,
  `tour_id` int NOT NULL,
  `rating` int DEFAULT NULL,
  PRIMARY KEY (`visitor_id`,`tour_id`),
  KEY `tour_id` (`tour_id`),
  CONSTRAINT `ratings_ibfk_1` FOREIGN KEY (`visitor_id`) REFERENCES `visitors` (`user_id`) ON DELETE CASCADE ON UPDATE CASCADE,
  CONSTRAINT `ratings_ibfk_2` FOREIGN KEY (`tour_id`) REFERENCES `tours` (`id`) ON DELETE CASCADE ON UPDATE CASCADE
) ENGINE=InnoDB DEFAULT CHARSET=utf8mb4 COLLATE=utf8mb4_0900_ai_ci;
/*!40101 SET character_set_client = @saved_cs_client */;

--
-- Dumping data for table `ratings`
--

LOCK TABLES `ratings` WRITE;
/*!40000 ALTER TABLE `ratings` DISABLE KEYS */;
/*!40000 ALTER TABLE `ratings` ENABLE KEYS */;
UNLOCK TABLES;

--
-- Table structure for table `rewards`
--

DROP TABLE IF EXISTS `rewards`;
/*!40101 SET @saved_cs_client     = @@character_set_client */;
/*!50503 SET character_set_client = utf8mb4 */;
CREATE TABLE `rewards` (
  `id` int NOT NULL AUTO_INCREMENT,
  `reward` varchar(255) NOT NULL,
  PRIMARY KEY (`id`),
  UNIQUE KEY `reward` (`reward`)
) ENGINE=InnoDB DEFAULT CHARSET=utf8mb4 COLLATE=utf8mb4_0900_ai_ci;
/*!40101 SET character_set_client = @saved_cs_client */;

--
-- Dumping data for table `rewards`
--

LOCK TABLES `rewards` WRITE;
/*!40000 ALTER TABLE `rewards` DISABLE KEYS */;
/*!40000 ALTER TABLE `rewards` ENABLE KEYS */;
UNLOCK TABLES;

--
-- Table structure for table `rooms`
--

DROP TABLE IF EXISTS `rooms`;
/*!40101 SET @saved_cs_client     = @@character_set_client */;
/*!50503 SET character_set_client = utf8mb4 */;
CREATE TABLE `rooms` (
  `id` int NOT NULL AUTO_INCREMENT,
  `place_id` int NOT NULL,
  `name` varchar(150) DEFAULT NULL,
  `location` varchar(255) DEFAULT NULL,
  `description` text,
  PRIMARY KEY (`id`,`place_id`),
  KEY `place_id` (`place_id`),
  CONSTRAINT `rooms_ibfk_1` FOREIGN KEY (`place_id`) REFERENCES `places` (`id`) ON DELETE CASCADE ON UPDATE CASCADE
) ENGINE=InnoDB DEFAULT CHARSET=utf8mb4 COLLATE=utf8mb4_0900_ai_ci;
/*!40101 SET character_set_client = @saved_cs_client */;

--
-- Dumping data for table `rooms`
--

LOCK TABLES `rooms` WRITE;
/*!40000 ALTER TABLE `rooms` DISABLE KEYS */;
/*!40000 ALTER TABLE `rooms` ENABLE KEYS */;
UNLOCK TABLES;

--
-- Table structure for table `routes`
--

DROP TABLE IF EXISTS `routes`;
/*!40101 SET @saved_cs_client     = @@character_set_client */;
/*!50503 SET character_set_client = utf8mb4 */;
CREATE TABLE `routes` (
  `place_id` int NOT NULL,
  `tour_id` int NOT NULL,
  `previousPlace` int DEFAULT NULL,
  PRIMARY KEY (`place_id`,`tour_id`),
  KEY `tour_id` (`tour_id`),
  KEY `previousPlace` (`previousPlace`),
  CONSTRAINT `routes_ibfk_1` FOREIGN KEY (`place_id`) REFERENCES `places` (`id`) ON DELETE CASCADE ON UPDATE CASCADE,
  CONSTRAINT `routes_ibfk_2` FOREIGN KEY (`tour_id`) REFERENCES `tours` (`id`) ON DELETE CASCADE ON UPDATE CASCADE,
  CONSTRAINT `routes_ibfk_3` FOREIGN KEY (`previousPlace`) REFERENCES `places` (`id`) ON DELETE CASCADE ON UPDATE CASCADE
) ENGINE=InnoDB DEFAULT CHARSET=utf8mb4 COLLATE=utf8mb4_0900_ai_ci;
/*!40101 SET character_set_client = @saved_cs_client */;

--
-- Dumping data for table `routes`
--

LOCK TABLES `routes` WRITE;
/*!40000 ALTER TABLE `routes` DISABLE KEYS */;
/*!40000 ALTER TABLE `routes` ENABLE KEYS */;
UNLOCK TABLES;

--
-- Table structure for table `tickets`
--

DROP TABLE IF EXISTS `tickets`;
/*!40101 SET @saved_cs_client     = @@character_set_client */;
/*!50503 SET character_set_client = utf8mb4 */;
CREATE TABLE `tickets` (
  `visitor_id` int NOT NULL,
  `tour_id` int NOT NULL,
  PRIMARY KEY (`visitor_id`,`tour_id`),
  KEY `tour_id` (`tour_id`),
  CONSTRAINT `tickets_ibfk_1` FOREIGN KEY (`visitor_id`) REFERENCES `visitors` (`user_id`) ON DELETE CASCADE ON UPDATE CASCADE,
  CONSTRAINT `tickets_ibfk_2` FOREIGN KEY (`tour_id`) REFERENCES `tours` (`id`) ON DELETE CASCADE ON UPDATE CASCADE
) ENGINE=InnoDB DEFAULT CHARSET=utf8mb4 COLLATE=utf8mb4_0900_ai_ci;
/*!40101 SET character_set_client = @saved_cs_client */;

--
-- Dumping data for table `tickets`
--

LOCK TABLES `tickets` WRITE;
/*!40000 ALTER TABLE `tickets` DISABLE KEYS */;
/*!40000 ALTER TABLE `tickets` ENABLE KEYS */;
UNLOCK TABLES;

--
-- Table structure for table `tour_creators`
--

DROP TABLE IF EXISTS `tour_creators`;
/*!40101 SET @saved_cs_client     = @@character_set_client */;
/*!50503 SET character_set_client = utf8mb4 */;
CREATE TABLE `tour_creators` (
  `user_id` int NOT NULL,
  `job` varchar(90) DEFAULT NULL,
  PRIMARY KEY (`user_id`),
  CONSTRAINT `tour_creators_ibfk_1` FOREIGN KEY (`user_id`) REFERENCES `users` (`id`) ON DELETE CASCADE ON UPDATE CASCADE
) ENGINE=InnoDB DEFAULT CHARSET=utf8mb4 COLLATE=utf8mb4_0900_ai_ci;
/*!40101 SET character_set_client = @saved_cs_client */;

--
-- Dumping data for table `tour_creators`
--

LOCK TABLES `tour_creators` WRITE;
/*!40000 ALTER TABLE `tour_creators` DISABLE KEYS */;
INSERT INTO `tour_creators` VALUES (251,'Kalinda'),(252,'Irita'),(253,'Pete'),(254,'Ginnie'),(255,'Reggie'),(256,'Teriann'),(257,'Lori'),(258,'Polly'),(259,'Darcy'),(260,'Eirena'),(261,'Tiffani'),(262,'Manfred'),(263,'Marion'),(264,'Adriana'),(265,'Saba'),(266,'Goldarina'),(267,'Janet'),(268,'Rudy'),(269,'Stefanie'),(270,'Ancell'),(271,'Tova'),(272,'Stillmann'),(273,'Fielding'),(274,'Ann'),(275,'Marybeth'),(276,'Barbette'),(277,'Web'),(278,'Addie'),(279,'Kory'),(280,'Templeton'),(281,'Paddy'),(282,'Zola'),(283,'Cookie'),(284,'Cullen'),(285,'Modestia'),(286,'Winnie'),(287,'Germain'),(288,'Pincas'),(289,'Reid'),(290,'Klement'),(291,'Hazel'),(292,'Erskine'),(293,'Stefano'),(294,'Ivonne'),(295,'Raphaela'),(296,'Jonathan'),(297,'Darell'),(298,'Dayle'),(299,'Barnebas'),(300,'Olimpia'),(301,'Ainslie'),(302,'Emery'),(303,'Mathian'),(304,'Meier'),(305,'Chad'),(306,'Clary'),(307,'Antonio'),(308,'Ronni'),(309,'Emory'),(310,'Standford'),(311,'Fernandina'),(312,'Colver'),(313,'Zackariah'),(314,'Rhoda'),(315,'Kevyn'),(316,'Georges'),(317,'Alejandra'),(318,'Valentin'),(320,'Tabby'),(321,'Hailey'),(322,'Reginald'),(323,'Waylin'),(324,'Montgomery'),(325,'Rowan'),(326,'Ethelda'),(327,'Tiler'),(328,'Michele'),(329,'Aguste'),(330,'Lydon'),(331,'Michelle'),(332,'Kaiser'),(333,'Andrei'),(334,'Crystie'),(335,'Garth'),(336,'Ode'),(337,'Claudine'),(338,'Garvey'),(339,'Marv'),(340,'Bab'),(341,'Ignace'),(342,'Fee'),(343,'Lotta'),(344,'Robers'),(345,'Paige'),(346,'Kermit'),(347,'Bayard'),(348,'Jaquelyn'),(349,'Joby'),(350,'Dyna');
/*!40000 ALTER TABLE `tour_creators` ENABLE KEYS */;
UNLOCK TABLES;

--
-- Table structure for table `tours`
--

DROP TABLE IF EXISTS `tours`;
/*!40101 SET @saved_cs_client     = @@character_set_client */;
/*!50503 SET character_set_client = utf8mb4 */;
CREATE TABLE `tours` (
  `id` int NOT NULL AUTO_INCREMENT,
  `tour_creator` int DEFAULT NULL,
  `name` varchar(50) NOT NULL,
  `location` varchar(255) DEFAULT NULL,
  `distance` int DEFAULT NULL,
  `departure_date` timestamp NULL DEFAULT CURRENT_TIMESTAMP,
  `arrival_date` timestamp NULL DEFAULT NULL,
  `coverPhoto` varchar(255) DEFAULT NULL,
  `max_participants` int DEFAULT NULL,
  `cost` int DEFAULT NULL,
  `vistorsJoined` int DEFAULT NULL,
  `category` varchar(30) DEFAULT NULL,
  `description` text,
  PRIMARY KEY (`id`),
  KEY `tour_creator` (`tour_creator`),
  CONSTRAINT `tours_ibfk_1` FOREIGN KEY (`tour_creator`) REFERENCES `tour_creators` (`user_id`) ON DELETE CASCADE ON UPDATE CASCADE
) ENGINE=InnoDB AUTO_INCREMENT=2 DEFAULT CHARSET=utf8mb4 COLLATE=utf8mb4_0900_ai_ci;
/*!40101 SET character_set_client = @saved_cs_client */;

--
-- Dumping data for table `tours`
--

LOCK TABLES `tours` WRITE;
/*!40000 ALTER TABLE `tours` DISABLE KEYS */;
/*!40000 ALTER TABLE `tours` ENABLE KEYS */;
UNLOCK TABLES;

--
-- Table structure for table `users`
--

DROP TABLE IF EXISTS `users`;
/*!40101 SET @saved_cs_client     = @@character_set_client */;
/*!50503 SET character_set_client = utf8mb4 */;
CREATE TABLE `users` (
  `id` int NOT NULL AUTO_INCREMENT,
  `first_name` varchar(25) NOT NULL,
  `last_name` varchar(25) NOT NULL,
  `birth` date DEFAULT NULL,
  `gender` char(1) DEFAULT NULL,
  `language` varchar(25) DEFAULT NULL,
  `email` varchar(255) NOT NULL,
  `phone` varchar(20) DEFAULT NULL,
  `password` varchar(255) NOT NULL,
  `address` varchar(255) DEFAULT NULL,
  PRIMARY KEY (`id`)
) ENGINE=InnoDB AUTO_INCREMENT=502 DEFAULT CHARSET=utf8mb4 COLLATE=utf8mb4_0900_ai_ci;
/*!40101 SET character_set_client = @saved_cs_client */;

--
-- Dumping data for table `users`
--

LOCK TABLES `users` WRITE;
/*!40000 ALTER TABLE `users` DISABLE KEYS */;
INSERT INTO `users` VALUES (1,'Ayman','Sohail','1989-02-08','F','Arabic','fo\'kon@example.com','661-880-0593x523','556e039eafa2dcf2172f2b205763518c23aa2c46','Kuwait'),(2,'Mahmoud','Mosaab','1979-06-05','F','English','casandra71@example.net','221-677-1967','f2a784cb4241e6f7711d7043b6a378e0a2c97981','Norfolk Island'),(3,'Sheta','Mosaab','1987-12-28','F','English','oschinner@example.org','110.613.3078x56011','ba88aab2c5f110f9426ed2f31863a26c2e83ca62','Mayotte'),(4,'Dawood','Sohail','1976-10-22','M','English','logan.davis@example.org','08752951090','554479a144206816960ecb59768d8a53f5b7eb40','Macedonia'),(5,'Ayman','Mohmaed','1981-08-18','M','Arabic','dgrimes@example.net','460-749-9290','07a5b8a248247b41964becfbee175c8f8358cb54','Lesotho'),(6,'Hoda','Mosaab','2004-08-05','F','Arabic','bechtelar.keyshawn@example.net','125-815-8688x39557','82eae09292061dfc1e49fb7832ddc040cd7ca5e2','Saint Kitts and Nevis'),(7,'Salman','Mostafa','1995-01-21','F','Arabic','purdy.brenden@example.net','701-785-3806x61870','bb188231089097d5a9f71a645720428bb203676b','Qatar'),(8,'Abdallah','Sohail','1991-09-08','M','Arabic','cornell78@example.org','1-651-126-7094x3431','1b932c51f7f49084354eb653b7bf73fb0ab95f5a','Botswana'),(9,'Mosaab','Anas','1995-08-28','F','English','winnifred.morar@example.org','02910482467','13d27c7040e2bdc3bf89b84d0c4fb6de43ca1c95','British Indian Ocean Territory (Chagos Archipelago)'),(10,'Yahia','Anas','1979-05-01','M','English','llewellyn.mcglynn@example.com','661-968-1594','364898098ad2f239a867430cd41292347a3e853e','South Africa'),(11,'Anas','Mostafa','1994-11-10','M','Arabic','botsford.dario@example.com','03773826590','d79d0db434399ae4bcb4dd29f283eb5fddb7ac63','Norway'),(12,'Salman','Mostafa','1972-10-18','M','Arabic','ricky88@example.net','167.344.5806x6661','c866cd59845be29757b27f82f1fb36eada5eef37','France'),(13,'Mostafa','Sohail','1992-07-13','M','English','kira.robel@example.org','(675)175-6201','6d349b8ae5b2fc4bf6addbe3504f5d8cdfc8e7b0','Somalia'),(14,'Ayman','Ayman','1973-06-16','F','Arabic','ignatius54@example.net','(315)948-9260','b5b9315f2521469655ae0253bec32632160ff496','Sweden'),(15,'Ragad','Abdallah','1970-05-03','M','Arabic','lenna.sauer@example.net','1-864-086-9731x35017','5d5597949e390ffd003fee299bd6d22104927feb','Micronesia'),(16,'Mohmaed','Hamza','1995-09-02','M','Arabic','schaefer.adelia@example.net','+83(2)9809927992','a63bf6fcc5da944ffefbce5a3b3b0677010b2948','Saint Pierre and Miquelon'),(17,'Mostafa','Anas','2010-05-26','F','Arabic','kiara.dickinson@example.org','1-887-626-6801x83871','5738a6b321080a186c71202085c3eee4c3dc18ae','Thailand'),(18,'Hoda','Ayman','2001-12-09','M','English','edmund.kshlerin@example.com','(040)281-1614x331','55e8f90f5f798f48609048081ab9f861bbc43f73','Lebanon'),(19,'Ragad','Mosaab','1999-04-08','M','English','arnoldo.moen@example.net','1-519-061-8088x019','f4a0077156d6c1c0f30e3dd5ea5bfe9ef83b06e2','Senegal'),(20,'Hazem','Mohmaed','1993-04-12','M','English','daisha.davis@example.net','+90(4)2122180979','b4478bb3ed5cacbf6d2aa428e15567f833a2ff27','Anguilla'),(21,'Sohail','Mosaab','2004-04-14','M','Arabic','xnolan@example.org','527-448-4743x52612','fa63b1672b446092d190131109253986d362f070','Cape Verde'),(22,'Ragad','Omar','1985-12-16','M','Arabic','isabel24@example.net','761.890.4944x3283','5cec7bdc840d9e3b29e22b2c78c799fe8d9dcf1b','Armenia'),(23,'Mosaab','Yahia','1991-12-21','F','English','sarina15@example.net','396-384-2071x9529','dd441bac178e5d2175707a23e56353f7df79ea67','Comoros'),(24,'Mohmaed','Abdallah','2019-05-15','F','English','tanya66@example.com','675.081.7543x959','185bd9964e37d3e11ae099cff68f0659416b510c','Indonesia'),(25,'Ragad','Omar','1997-11-11','M','English','julianne97@example.net','09757927890','f177cbe9a17ea4815887f3c1e36955fe05f94951','Iran'),(26,'Mohmaed','Abdelrahman','1988-09-16','M','English','alf49@example.net','754.733.8917x43340','6ed26af8e94a1eef769cb1fd2638ed92fd57ffa5','Belarus'),(27,'Salman','Yahia','1973-04-06','F','English','daisha65@example.org','1-503-968-7677x4427','1fa88861a365331f9fb3a25ccb268b6c0105db61','Anguilla'),(28,'Hazem','Ayman','2010-11-15','M','Arabic','kreiger.pat@example.com','+63(4)2532352957','040e2d2b7b552b0cd68637294df7a172ad5d90be','Argentina'),(29,'Hamza','Hamza','2007-07-17','F','Arabic','eusebio94@example.org','1-889-067-6733','6dc3d00f7c9370404549735562d1108d17d1e743','Reunion'),(30,'Azza','Dawood','2003-07-25','M','Arabic','murazik.eleonore@example.net','087.352.3149x77131','64bab4e66eb3af1bbd0b5870d713f7caa96991b5','Ethiopia'),(31,'Sheta','Dawood','1992-04-16','M','Arabic','wolf.aaliyah@example.org','063-869-2704','cf9cf29493ac0ccf39b642d86e8537136b745d54','Uzbekistan'),(32,'Omar','Anas','2000-05-11','F','English','ruth.mann@example.com','+01(8)3685617124','295aaa70b6a0237ebe5bb10712779b23814e8fe7','Mauritius'),(33,'Salman','Mohmaed','1970-02-25','M','Arabic','vo\'reilly@example.org','1-012-495-2684x829','44faac48f9ea31e47514bb571b5e5d2ef9dc959d','Israel'),(34,'Hamza','Dawood','1978-06-13','M','Arabic','huels.jamaal@example.org','(292)683-8630x67997','885ab2335d6f9d476790b5029c2a397e0d3951b9','British Indian Ocean Territory (Chagos Archipelago)'),(35,'Hamza','Abdelrahman','1973-08-31','M','Arabic','prohaska.lauriane@example.net','509-147-2704','f41b6e2a29e71670f407212cbfd472f5afddef9e','Palestinian Territory'),(36,'Hamza','Salman','1990-03-11','F','Arabic','vaughn.smith@example.net','1-494-453-8312x96334','ff74c5f4669c2640a8702f1a9511958a19328340','Macao'),(37,'Omar','Hamza','2015-03-31','F','English','hoeger.willow@example.net','984.406.0412x4730','9410d09ec8953838a4b7c939f1d977bb5f1a7500','Vietnam'),(38,'Hazem','Omar','2016-08-26','M','English','oswaldo.lueilwitz@example.org','+59(6)3258457024','43ace1bd251d85a2976f9d2dd48531cb3cee0394','Honduras'),(39,'Ayman','Dawood','1991-10-21','M','English','okilback@example.org','00352282334','869a1ac1708cba2dbc5337f434ce81817a7fbe15','Venezuela'),(40,'Hazem','Yahia','2015-08-01','M','English','ohirthe@example.net','444-959-3386x05746','1fe3256445a1ff7fba2ab30c2f70a04a7c3cb397','Cuba'),(41,'Anas','Salman','1987-02-14','M','English','johann34@example.com','911.939.6987x184','d7c60cd1416d0caeab15447e67623a721391b91c','Seychelles'),(42,'Abdo','Mosaab','2001-05-22','M','English','salvatore.turner@example.org','04050869501','a6ea618f54abcafb2b1002e88aad38907a9aafa3','Canada'),(43,'Sheta','Ayman','1992-07-28','M','English','tillman.jessica@example.com','984.550.0104','280c56741fc555445db5e002a64b0a1543291d49','Paraguay'),(44,'Anas','Omar','1997-06-29','F','Arabic','payton07@example.org','+74(4)0317061479','8a69951e05b1400098206fcfb3fea4332c111d17','Bolivia'),(45,'Mostafa','Hamza','1974-03-02','F','English','mo\'keefe@example.net','(884)623-7321x64826','b4309107436c0dae352d08e6611d38023b188fb2','Saint Kitts and Nevis'),(46,'Hoda','Abdallah','1975-07-30','F','Arabic','gwendolyn18@example.net','641.199.0300x559','7a7bfe91fc4b10aeae983e4d51e5b5d786b7a1a2','Serbia'),(47,'Dawood','Yahia','1976-02-20','M','Arabic','alexzander10@example.org','498.801.2656x19937','9f73fc5ce815d0f758a4f59f82408a9e021527af','Cote d\'Ivoire'),(48,'Abdelrahman','Dawood','1997-01-26','F','English','uschultz@example.net','566-026-9881','c33216d206f0800dccd40be60cd87a91cae7a682','Vietnam'),(49,'Salman','Anas','1977-09-14','M','Arabic','braulio.fritsch@example.org','380.243.8773x2809','4068b22c2b96384aff1a9cdb9fbe2a50f0ac86e6','Kazakhstan'),(50,'Somia','Ayman','1976-07-28','M','English','haley.shaun@example.com','1-243-472-9138x173','a5d5e45a8afc5b48ed181b81749bea0cdb997cf3','Denmark'),(51,'Azza','Mostafa','1983-12-24','M','English','dietrich.eduardo@example.net','+51(5)2471719035','163c6114ba84e2792639e61e6f6b5fb408c5b169','Bolivia'),(52,'Mahmoud','Mosaab','1986-09-01','F','English','abby00@example.org','(961)299-3769x19455','c4b12bb49e72bbf55690313bea02bf0e3be8e24f','Peru'),(53,'Mosaab','Mohmaed','2006-11-11','M','Arabic','barton.jacklyn@example.org','1-158-933-5782','37382300d9d92b78c9a8fb4012678a820aba134f','Gibraltar'),(54,'Sheta','Hamza','1988-05-29','M','English','corwin.cara@example.net','156-782-8108x02907','0191725f9c0ee0c2a58e039b67e1811b86238ebe','Tajikistan'),(55,'Abdallah','Yahia','1974-02-28','F','English','emil41@example.com','252.811.5975x53092','2e0fafb541be9b38524a0f14160ef7dbec309868','Iceland'),(56,'Abdo','Sheta','2003-06-07','M','English','hudson.lacey@example.com','387.465.9791x102','4451bf462772e048a8edc5ebd1149ef971e15d51','Brunei Darussalam'),(57,'Salman','Yahia','1983-07-20','F','Arabic','martine15@example.org','105-536-1771x43951','f7d2b1ecc00d989d47ea86cc045f8b163f1ff15c','Ecuador'),(58,'Abdo','Abdelrahman','1998-10-07','M','Arabic','hermiston.augusta@example.net','382.739.3168x3337','a9c5011d0d57e898e2ff059ceb27586a40ff82c8','Saudi Arabia'),(59,'Hazem','Mostafa','1990-11-10','M','English','zschneider@example.org','1-685-807-7825x669','647fd57db71bd6c2d3339dd7f7c21defdb88740e','Cuba'),(60,'Sheta','Salman','2001-06-01','M','Arabic','michel88@example.org','1-524-721-3049','b9a28cbb28121f14ba17f3734733cafa225c74fc','Equatorial Guinea'),(61,'Mostafa','Hamza','2010-11-24','M','Arabic','amely80@example.net','+34(4)6835992472','56264d7ba7534ca1c8903d69e1a6d34cad52ef48','Saudi Arabia'),(62,'Yahia','Mahmoud','1996-03-24','M','Arabic','spinka.randy@example.net','(494)448-8083x5153','2cd26c525bc5ba8066b02bbf0c1a8b0f99e22824','Honduras'),(63,'Salman','Mosaab','2010-08-29','F','Arabic','ericka42@example.org','350.795.2268','cb4c2cb2d3985ce2226a558fdd342c09c764aad4','Belize'),(64,'Mohmaed','Abdallah','2004-11-01','M','Arabic','ruecker.chelsea@example.com','02954786452','9be3deb73acda0a9acde43bb88d4a8e3f4ca9751','Norfolk Island'),(65,'Hoda','Omar','1971-08-15','F','English','gmorissette@example.com','332-952-8765','5a4308c775afaa41c9588cf6dbc1871cf35faa5a','Ecuador'),(66,'Dawood','Sohail','2017-06-22','M','Arabic','kreiger.cruz@example.org','(701)327-0494x0646','90525aec18b6bab6972aedd04ef86740c66a6ddb','Falkland Islands (Malvinas)'),(67,'Yahia','Yahia','1985-06-21','F','Arabic','brittany.gorczany@example.org','947-934-8529x6165','cc469c972cb8207fab809baf84a7f7bce4cc963d','Honduras'),(68,'Azza','Ayman','1991-10-13','F','Arabic','beaulah.adams@example.net','838-145-5731','84fd20ede1290f3b9e068d5a4bc9b4ce9249eb56','Djibouti'),(69,'Omar','Salman','1995-02-20','F','English','kling.enrico@example.org','042.951.7277x98355','d42f3670e60244e5bd5fbbbb0290308806e4d825','Guadeloupe'),(70,'Ragad','Sohail','2001-04-20','M','English','agustina14@example.net','040.944.7797x20346','82973b80e184ac527fa16a04bbab200e4a4c8b84','El Salvador'),(71,'Omar','Ayman','1986-06-19','F','Arabic','elta73@example.com','+69(2)2286648746','070ecb0700c043178e4b30a6d907ec657610a276','Micronesia'),(72,'Ayman','Mahmoud','1986-08-25','F','English','vernice.mertz@example.net','09794571085','0b19823912779ffacdfc3892d5a270235b8f7ab6','Lesotho'),(73,'Mosaab','Salman','2007-10-26','F','English','darby.corkery@example.com','153-491-3682','806ecb691524c5a8618795f73128d9f07dc72444','Ukraine'),(74,'Omar','Hamza','2000-07-01','M','Arabic','horace.bartell@example.org','01733665630','142f7939a94f20b3a2fd2d5b0d7c4f3d1ddcf69b','Cote d\'Ivoire'),(75,'Hamza','Mostafa','2010-04-02','M','English','rosario84@example.net','+63(5)2402227608','19c85a0e5bda6e0a4fc5eec69eb864d119a0ff96','Rwanda'),(76,'Ayman','Ayman','1997-05-05','F','English','ifunk@example.net','012.236.9479','ae7d2e36ec4947146a5482019bb170c3599a120d','Kyrgyz Republic'),(77,'Mosaab','Anas','2021-03-01','M','Arabic','reinger.abbie@example.net','1-995-949-9809','9d00f0af9e82f782637dbcb6598a45996f41560c','Moldova'),(78,'Hamza','Hamza','1990-12-10','M','English','jed.mayert@example.com','1-283-516-1554','4ba81cd66626e6e2b29f9573ff7ecbf59f772478','Northern Mariana Islands'),(79,'Hazem','Mohmaed','1995-06-05','F','Arabic','nitzsche.glennie@example.org','1-919-831-5421x460','69cce7dc372a0df2fe21cfc0d1251daacc4d8591','Serbia'),(80,'Mostafa','Mohmaed','2015-03-08','F','Arabic','luisa.rempel@example.com','762-504-0638x280','e13a2c5f3dc41bc95ffef7bdac9cdd7a02b6674f','Portugal'),(81,'Mohmaed','Ayman','1989-08-30','F','English','ireinger@example.org','515.007.8420','08e52675e16e5760f8445a6bf0484f86c3e58fc4','India'),(82,'Omar','Sohail','2007-10-03','M','Arabic','gerhard.skiles@example.org','(302)319-1022','17af6ff3ca625d2730880306172ba94c70db79ac','Burundi'),(83,'Dawood','Abdallah','1975-03-01','F','English','mhoeger@example.com','1-899-163-0755','76ff10149dc39eb9a6bd781b44dc726b019b8bb7','Sri Lanka'),(84,'Somia','Sohail','1994-01-17','M','Arabic','brett.stokes@example.com','(392)315-5676x736','1d52817f5d1632e7174e64b4fc0cb86ca0104ec4','Kyrgyz Republic'),(85,'Mahmoud','Dawood','1998-01-28','M','English','cade69@example.com','1-364-622-2760x345','f4072372530e5cf1bd275c0d0fd3ec9cda5773cb','Timor-Leste'),(86,'Azza','Abdelrahman','2011-12-11','F','Arabic','freida.lueilwitz@example.net','1-416-288-2718x3869','091a7b72e0a8b0f0308c8d64a875b8c52d2e8302','Angola'),(87,'Mahmoud','Abdelrahman','1978-02-21','F','English','sheldon97@example.org','921.340.2458x888','e7892c13b5cb06623b1ed5f01ae23ee2406f5113','China'),(88,'Abdo','Anas','1971-12-15','F','English','ramona.altenwerth@example.org','(942)635-1232','4a713c35c652e5f7bcfb52c6e45d719486205077','United States Minor Outlying Islands'),(89,'Abdallah','Mahmoud','2005-09-13','M','Arabic','turcotte.amanda@example.net','198-716-2086','4e5ea291c642045c06b51ded4cc27b89de6d120e','Namibia'),(90,'Salman','Sohail','2021-06-13','F','Arabic','jshanahan@example.net','950.145.9010x042','78ebb50dc683f2343ac3a0b8d1ee50078a80831f','Iceland'),(91,'Dawood','Dawood','1975-08-12','M','Arabic','fahey.zella@example.com','01061867825','1696191a4bf0967607034bbdf965ed16d4813814','Albania'),(92,'Mahmoud','Abdelrahman','2003-09-09','M','Arabic','adeline72@example.net','521.428.8674x594','74da24c364173fd1c43f2eedb796be96ff471843','Kenya'),(93,'Salman','Mohmaed','2013-03-26','M','English','lionel58@example.com','(199)614-3059','c91f2501b85ebfa05918416b5ac51cbb5a68e6cd','Chile'),(94,'Mostafa','Mostafa','2001-12-04','F','English','katrine34@example.org','(002)618-5951x42109','7bb8a34f8c61895e8bced515ea4a63249fdd7fb2','El Salvador'),(95,'Mostafa','Yahia','2016-07-20','F','Arabic','dante25@example.com','(348)681-9168x6504','0992766be04b0e1ba48a9ded66411221530792c2','Faroe Islands'),(96,'Anas','Salman','1974-01-05','F','Arabic','langosh.chadd@example.net','(614)130-7260x562','4718e57ada11f85b403017921542e551801d3791','Norfolk Island'),(97,'Anas','Sheta','1975-05-29','M','Arabic','tcassin@example.net','1-889-728-9433','4eb16628f2c146ce0a172dffeee8f08f04f97a11','Mongolia'),(98,'Sheta','Abdallah','2012-07-06','M','English','shawn86@example.com','1-519-798-6312','701db75411cb7bcb5509bd9a56a57da129746c2a','Haiti'),(99,'Dawood','Dawood','2015-07-02','M','Arabic','brittany.mohr@example.net','440-607-7937','ee12f1f404586519c4a07e7079a106b808871b1e','French Guiana'),(100,'Anas','Omar','1987-08-22','M','English','baylee76@example.com','1-903-685-7074x41069','a65ee60e9687ffa7c3bf724f417d60d702607ae2','Pitcairn Islands'),(101,'Mosaab','Ayman','2020-05-07','F','English','rosie12@example.com','(868)318-3489x2618','b3d091f9809ad6246bfd57993f1bff163663f9a8','Paraguay'),(102,'Sohail','Abdallah','1973-11-22','M','Arabic','yryan@example.com','+32(9)6975997977','d5946b54b8b1d1ec90da91e4ba5a6c43a6ba4c24','Luxembourg'),(103,'Abdo','Ayman','1971-09-22','M','Arabic','makayla.casper@example.net','766.977.6833','95391342557d63172c8d1a5302977bbbfa6aef2d','Afghanistan'),(104,'Mosaab','Abdallah','2015-09-20','M','Arabic','jleffler@example.net','044-162-3887','8ade9bdb18e5ef9b0883400372c6bbc8b4e9d000','Saint Vincent and the Grenadines'),(105,'Somia','Ayman','1993-11-30','M','English','whahn@example.org','00735174826','814ddc2c445ac49d885b96cae25dafccc56935cb','Swaziland'),(106,'Omar','Abdallah','1993-02-01','M','Arabic','kuhn.irving@example.net','495.531.7300','f28e9f61edf940a919d2c37c0c2630b2ab396d37','Burundi'),(107,'Hamza','Mosaab','1998-06-16','M','Arabic','jamal27@example.com','1-532-138-2219','d304f25052e3336c997c558249b558a5b4bb185f','Equatorial Guinea'),(108,'Ayman','Mahmoud','2021-11-24','F','English','gkunze@example.net','1-629-262-4475','ccb722f2d546f84f6e4e0cc40cd098bc8a9f391f','Mayotte'),(109,'Yahia','Abdallah','1998-03-04','M','Arabic','ustokes@example.org','368.979.6957','b642988d90471f71ec9a7c48604589ba736377d6','Tokelau'),(110,'Anas','Abdallah','2010-06-05','F','Arabic','cassandra83@example.net','+77(9)1342710450','7519a46d96e852e9e363ca12603ff5728c4252a3','Ecuador'),(111,'Sheta','Hamza','2017-01-03','F','English','addison20@example.com','1-359-274-3682x25132','473771b056afd379953c586dea86e495f6fb1cab','Sao Tome and Principe'),(112,'Ayman','Omar','2016-04-03','M','Arabic','alf.dicki@example.net','327.542.5880x34648','5c07781096b894050465dcadbb7945d14a016e20','Azerbaijan'),(113,'Sheta','Sheta','2018-06-17','M','Arabic','ceasar52@example.org','(985)112-6802x297','242a19d91f2a4eecd93c920bf588e824a07e281b','Kenya'),(114,'Ayman','Omar','2003-11-18','F','English','lwalker@example.com','721.762.0127','4f3173be71db6853395a35917516c849358c104e','Sri Lanka'),(115,'Abdallah','Salman','2020-10-08','F','English','remington53@example.net','205-376-2133x68248','e384504f10db51e91c20dce44eb86a8817be860d','Guatemala'),(116,'Mosaab','Mostafa','1973-04-21','M','Arabic','hagenes.elwin@example.org','(755)100-4855x1300','9349e28977169fb4576e6ab8e5610ed05e85eb29','United States of America'),(117,'Mosaab','Hamza','1987-05-10','F','English','katlyn51@example.org','357-607-3123x23827','75b329a7951fa5a636c29e806cc9a4dd9a341449','French Polynesia'),(118,'Abdallah','Abdallah','2018-05-22','F','English','tyree.brown@example.com','779.006.6270','f4791f18452abb3a1f07091eaaacd20a9f9326df','Saint Kitts and Nevis'),(119,'Somia','Dawood','1992-05-01','M','Arabic','pkertzmann@example.org','676-818-0438x802','6cdbd1ebc1a389a2d1817b2d970837218df8b5e3','Bulgaria'),(120,'Omar','Hamza','1994-07-19','F','Arabic','xframi@example.org','229-904-1327','b398600abd3a1ce92247641f523f5dc4ae925754','Norway'),(121,'Abdelrahman','Mosaab','2004-10-14','M','English','mcclure.lester@example.com','282-137-1813','982aba3081cbf50463dded498d628ae97b6b2f5b','Norway'),(122,'Hoda','Mostafa','2017-11-10','M','English','gturner@example.com','+08(7)8919447529','2f86073c11a237e9b2422a6cdcdfc35a4e4d8385','United Arab Emirates'),(123,'Yahia','Salman','2014-04-23','F','Arabic','veum.nelda@example.com','1-095-771-3907x163','937192c96a282c364291a357aa461b7bb9edef56','India'),(124,'Hamza','Omar','1971-12-02','M','Arabic','mellie.moore@example.net','586.142.2850x0180','0547944cf4d2e445196a89f351605833f2c5b3ed','Kyrgyz Republic'),(125,'Abdelrahman','Ayman','2007-10-31','F','English','lori41@example.org','1-529-213-2843x95056','f68148639fc1d0f931d044d9e69faa0d25e72af2','Azerbaijan'),(126,'Azza','Omar','2018-04-11','F','English','luther04@example.com','755-593-1420x5700','1625369edc687041fd1902997578ac0d58a06a33','Tajikistan'),(127,'Sohail','Ayman','1994-11-13','M','Arabic','feil.kaia@example.org','(544)012-0007x6203','3d2e5f3f2224e8d9d2e90f8d72a7aacd2608abae','Hong Kong'),(128,'Somia','Ayman','1978-12-07','F','English','whessel@example.com','1-807-041-9673','c40ca1042e347cd58fb446ec330332e8e2d57905','Netherlands'),(129,'Hazem','Anas','2016-03-22','F','Arabic','lind.antoinette@example.com','378.922.2699','2f86c8f200147e77c041667e0dee2047dfb1084f','Faroe Islands'),(130,'Omar','Yahia','1971-12-16','M','English','jpagac@example.com','638-944-9931x734','d45271363cb48b1d08791c027049f29c370b189e','Armenia'),(131,'Abdo','Omar','1997-01-30','M','English','naomi.schoen@example.org','03679684495','72cf03f1796495ef9261c72a658e96411dd2115f','Slovenia'),(132,'Yahia','Sheta','1998-12-16','F','Arabic','darrell.rosenbaum@example.org','1-321-398-5860x37771','e84e1125cb4995309e6a71e0714360e2fef3b6e7','Nepal'),(133,'Mahmoud','Yahia','2018-11-23','M','Arabic','mitchell.beau@example.org','1-154-755-5691x448','4b36ab5d942e97e580b832249df953a2d393becc','Saint Kitts and Nevis'),(134,'Abdo','Yahia','1999-05-07','M','Arabic','miller.prudence@example.net','+18(2)2094016494','775b93bbb6394243fbb2d5de53fbdd321022e460','Hungary'),(135,'Abdo','Salman','2013-03-01','M','Arabic','qstiedemann@example.net','200-607-5968x7524','dbfa59262ade688e9271d44b420a69570fd273ab','Suriname'),(136,'Mosaab','Dawood','1976-10-08','M','Arabic','hahn.rylee@example.com','+65(7)4859938396','72b71534d437a926942893f684c7300272bb9e17','Switzerland'),(137,'Salman','Mostafa','1997-03-06','M','English','branson.runolfsson@example.org','707.262.2456','97160b60efb20dc715ce2a8f4ec3cc4169db6c48','Togo'),(138,'Abdo','Abdelrahman','1997-10-30','M','English','shannon.brown@example.org','1-118-203-9034x179','f600120aa309bda3cac77d8e4088881dd0d8a68a','Korea'),(139,'Ayman','Mahmoud','1980-07-08','F','English','mwalsh@example.com','027.668.1313','3c85c17387952651f07366ac5f4fcbd44de15b8f','Trinidad and Tobago'),(140,'Mostafa','Omar','1974-03-15','F','English','reynolds.rowland@example.com','(245)827-2787x3630','fc1773a060e90eba68cabb8dd1bdcbcc4b524d66','Norway'),(141,'Hazem','Sohail','1978-12-13','M','English','schoen.dallin@example.org','138.944.1244','28719159489d0ec139e2b80a172d1ae5ff191f56','French Guiana'),(142,'Anas','Salman','1996-03-26','F','Arabic','tkulas@example.net','346.131.4665x943','11e614eeb74892044df2ca3b1f5e38c0ab1038c9','Armenia'),(143,'Sohail','Hamza','1973-04-04','M','Arabic','hilpert.sylvester@example.com','03137127454','ba2f20ce9c062069faf09c5048565b064bcbc9f8','Liberia'),(144,'Omar','Salman','1980-06-16','F','Arabic','huel.alvah@example.com','1-560-832-4194','d61f29d4a3bff9e54e78503dad8019f28a39dd4e','Senegal'),(145,'Hoda','Anas','1970-03-09','M','English','jherman@example.net','539-097-2948x0674','17bcec23aaedd431318d421a7904974cf466623c','Guyana'),(146,'Abdallah','Mostafa','1981-10-30','M','Arabic','dmccullough@example.com','963.173.7535x761','e6f1d6d72adc9299cab924961485880c3dfda450','Italy'),(147,'Dawood','Hamza','2021-02-08','F','Arabic','ldavis@example.com','(003)339-3197','e043f61e9b9576c8d703e7d1f0263241a80894db','Mexico'),(148,'Mohmaed','Sohail','1996-03-21','M','English','rhoda.mccullough@example.com','+77(8)7560010233','c14048ec4a90eaaece36564370762d137b79f14a','Pakistan'),(149,'Mostafa','Ayman','1983-11-07','M','English','wilhelm.anderson@example.com','132.463.4708x908','8d2d2e9febb127faccbde7066e31014f616543db','Western Sahara'),(150,'Yahia','Omar','1973-06-01','F','English','hframi@example.org','07760214608','72b4922dd7408c7f4eaf3d45420824adcafb2eda','Solomon Islands'),(151,'Azza','Mohmaed','2013-07-29','M','Arabic','floyd.funk@example.net','(495)109-2465','ad87f583a8d34cc24b738dd0a9bce1db8b4a25c3','Gambia'),(152,'Abdelrahman','Sheta','2019-11-29','M','Arabic','swaniawski.marquise@example.net','359-992-1609x1606','ff436065749e601993ee51a9e0951c4a9d1c3cc3','Uganda'),(153,'Abdelrahman','Mosaab','1998-03-29','M','Arabic','irma.o\'reilly@example.org','+15(9)1847479215','23c61bd9ad07638dff6a6f1387b06de0afe598d2','Angola'),(154,'Yahia','Salman','1983-12-06','F','English','tfriesen@example.com','615-119-8927x91673','5bbd4bab4f2aa3dcfe6a5c53aea9af8dd28f2837','Latvia'),(155,'Dawood','Yahia','2007-08-04','M','English','alexys13@example.org','693.507.0160x09582','27704f4514cd8259375107fa1ba70fa5dea252f8','Dominican Republic'),(156,'Yahia','Abdelrahman','1973-10-06','F','Arabic','kip47@example.com','649.372.8922x1578','07c94759533cd4641ccb77cc47b32478899dd2f6','Zimbabwe'),(157,'Somia','Mosaab','1983-05-29','M','Arabic','jesse.denesik@example.com','(194)272-0321','97cb8c557e0018f4e1572e54557bad9c5cce2e91','Estonia'),(158,'Mostafa','Sheta','2004-11-21','F','Arabic','dkertzmann@example.org','733.777.0969x034','9d32bb94dea4f7ad59aa2dfff2e3822c6fc0228f','Israel'),(159,'Salman','Mahmoud','1999-04-17','F','English','august63@example.com','(752)437-5528x305','3bd6f1a0f9f5f3c9bac9294098900b725c08c1a0','Monaco'),(160,'Sohail','Mohmaed','2000-09-18','M','English','ustiedemann@example.net','+92(8)5396005581','618c50a7e9157d9345d45e5a72e70765d89337a1','Bahrain'),(161,'Yahia','Ayman','1997-02-11','F','English','heaney.shirley@example.com','(594)801-8750x7094','7384f58fe07f4ec94f58a370b987a76e1d577728','Portugal'),(162,'Azza','Sohail','1998-12-20','F','Arabic','nbeer@example.org','137.467.8711','36b7241ab1a32eb685a2dde4a80965cf3f58b02d','Reunion'),(163,'Mostafa','Mostafa','1970-04-16','F','English','laurence50@example.org','922.906.8303','f03f970092c69c59d2217adff23fedba3534b930','Aruba'),(164,'Ayman','Sohail','1994-07-30','M','Arabic','ernser.rosanna@example.org','298-441-2269x4652','5da56bbd17fe65f6e9c7e2abd1b077117683bfab','Bangladesh'),(165,'Sohail','Sheta','1971-08-04','F','English','sylvia.parisian@example.org','+95(2)5479448737','19f92cebd7427b9055267dc6e456296cde148c57','Chile'),(166,'Mosaab','Sheta','1997-07-04','F','English','pterry@example.org','1-884-556-2229','ac425eaf71d930957201a00bd9f1bb2ce5aa1cab','Saint Barthelemy'),(167,'Abdallah','Mostafa','2006-01-29','M','Arabic','gardner.kerluke@example.com','463-266-6416x2073','a5916d1574306d11ad3964393ed8efd342e0e634','Paraguay'),(168,'Mosaab','Ayman','1976-08-20','M','Arabic','kieran.crooks@example.net','1-725-168-4793','2e3ded9470d95516f5e0da5843576f2b925dfc1b','Aruba'),(169,'Yahia','Mohmaed','1988-04-30','M','Arabic','carrie.beier@example.org','443-576-4260','734e74965270b16f21425ec7ee250a43e8fa66c2','Kenya'),(170,'Abdo','Sohail','1989-11-17','M','English','tcruickshank@example.org','1-237-626-5196x9441','a12af8189345004711df28a21b7c97a0d0e5c87f','Japan'),(171,'Mosaab','Salman','2014-03-14','M','English','marcelo55@example.net','624-025-5450','7fac06b5a3d16cf03b70906985a238cf8b4695f7','Chad'),(172,'Hamza','Mosaab','1994-07-23','M','Arabic','weston82@example.com','525.476.8741x140','0245b5d3900b0b051a47f10b5d9f60bc454059eb','Mauritius'),(173,'Dawood','Sohail','2013-08-16','F','Arabic','nikolas75@example.net','343.922.1402','bea9ec3aac999319bdcf04fb91dd01dc65c81579','Jordan'),(174,'Mohmaed','Mostafa','1973-01-27','F','English','soledad34@example.org','504.098.5714x555','259a7240f97772dda89a9f26d5f98b9fb6eebbd8','Gambia'),(175,'Mohmaed','Anas','1976-03-20','M','Arabic','nwaelchi@example.com','+37(5)3355071141','38729fc65e3d15079da85cee0a7580f52711753e','Slovakia (Slovak Republic)'),(176,'Abdo','Mosaab','2021-05-23','M','Arabic','ulind@example.org','1-744-587-6021','1d5a3fe552d78e9f02c2282cf6560d7db8a093ac','Brunei Darussalam'),(177,'Mostafa','Abdelrahman','1987-03-03','F','Arabic','roob.fay@example.com','1-007-817-2146x8632','f58aa3ae18a947b3da5232087ad59155155af909','Aruba'),(178,'Somia','Abdallah','1981-12-18','F','English','margarette.emmerich@example.org','610-952-8967x573','021de71fc3acba920e888e4a9c301f200440f179','Anguilla'),(179,'Sohail','Dawood','1988-03-26','M','English','xeichmann@example.net','902-874-9677','5a40bdd1ea771e1c4e24e9a01973e0b1ecad0e65','Cuba'),(180,'Abdelrahman','Mostafa','1998-02-20','M','English','gerhold.lee@example.com','(178)681-4084','970f3a689a5cfc8e638d3ac1dcdf579bcf86e317','Saint Kitts and Nevis'),(181,'Dawood','Omar','1992-10-27','F','English','pablo.dare@example.com','596.128.0369x312','d91e06cf32b92f54a6a7df112f594f6cc73366ef','Mozambique'),(182,'Ragad','Yahia','2020-12-12','F','English','javon.schiller@example.com','1-391-000-2986x9424','8667eae5b423f6cc40ff8fff8033635519a2b52d','Saint Lucia'),(183,'Sohail','Yahia','2020-07-27','F','English','velda70@example.com','(674)297-6259','f85ddf9d97751bfcb2ac09b6a2b7fa8e9d891d4c','Guyana'),(184,'Somia','Sheta','2004-02-25','M','Arabic','karson.koss@example.net','1-213-993-2141x13047','70b1b9081f526ea29cfb8f7ae4b67ac25de836a3','United Kingdom'),(185,'Ragad','Sohail','1996-07-04','M','English','trevion.champlin@example.net','291-399-5946','d3d31649c3a51d54aa721d0df1c4189b7644e26d','Armenia'),(186,'Salman','Mahmoud','1987-01-27','F','English','percival14@example.com','227.704.4630','763d890529ad220588487bba4cfd0d771a48b36a','British Virgin Islands'),(187,'Yahia','Hamza','1998-08-16','F','Arabic','bertram.d\'amore@example.net','061.085.8631x7417','048fab7d71d87618003f4999ee90d8ee507bd026','Saint Helena'),(188,'Ragad','Yahia','1972-12-11','F','Arabic','mterry@example.com','584-764-4733x41691','b0e3fba80b198c23be47fe6e0fa3bed38fdd3ca0','Lao People\'s Democratic Republic'),(189,'Hamza','Hamza','2003-11-18','M','Arabic','kris.aditya@example.org','(455)632-8722x51704','f5287d04eb4bf3aa0d76f94519a7b8ae41d005d9','Ghana'),(190,'Hamza','Ayman','2007-05-08','M','English','yoshiko84@example.com','1-330-799-7268x127','2c6068f473e6bfef6c4337ae04a4b6643c3aaa8a','Guinea-Bissau'),(191,'Hoda','Hamza','1985-12-16','F','English','nblick@example.net','1-186-594-9580x079','5e478adeab838a2b339c54cd06a1f9d89edcad93','United States Minor Outlying Islands'),(192,'Salman','Sohail','1977-02-26','M','Arabic','zwilliamson@example.com','00865829705','f9cfcf127078eae70de86a873ddf06069da27d83','United States Minor Outlying Islands'),(193,'Yahia','Ayman','1977-04-23','F','Arabic','neha.franecki@example.org','1-041-818-8961x02692','5c2a72d85485243f11fd97a66997796ed41a7463','Lesotho'),(194,'Yahia','Mosaab','2003-11-25','M','English','dickens.liam@example.net','1-108-857-8298','6bbccd40b58958a667853a069bf89a426baa08cd','Portugal'),(195,'Mahmoud','Abdallah','2004-02-28','F','English','lionel.zulauf@example.com','02858558867','0c62a5f6692c8a631bc586b51f4d940913e82acd','Saint Martin'),(196,'Mosaab','Hamza','1983-04-26','F','Arabic','zkirlin@example.org','02177109928','57577276bd79fa4c3be7c39feb81eae76f093883','Philippines'),(197,'Mohmaed','Sohail','2010-11-10','F','English','yharber@example.net','(773)843-0710x97566','f9a4b07916801aca048c329b108bad7d2d92ae6d','Zambia'),(198,'Sheta','Yahia','1977-12-30','F','Arabic','yheller@example.com','1-404-798-1209','c58ce0810608ae9154a4cf2c3ed8e9337ddf11b9','Saint Vincent and the Grenadines'),(199,'Salman','Salman','2019-06-27','M','Arabic','alysa.romaguera@example.org','048.261.3918x0693','14d2f900cfb689efc5fe299a02daaf059a729a85','Guyana'),(200,'Sohail','Mostafa','1990-04-04','F','English','angelo.kris@example.com','04037001235','b25963667ccdbcf51cfa7be1d14f97768fdaaf6a','Northern Mariana Islands'),(201,'Salman','Hamza','2007-10-12','M','Arabic','boris17@example.com','411.865.2757','1dca25d700ec87a96a82b901e72a1bfdd5d53f73','Sri Lanka'),(202,'Sheta','Sheta','1979-06-04','M','English','wyman.elise@example.com','324.454.0562','5fc76e9e5ffdf1bd3c5989371328765e7de8be92','Andorra'),(203,'Mahmoud','Hamza','2019-12-09','F','Arabic','margret01@example.org','813.920.1500x5664','9fa6ab83c972b639b8c509c0a136c5a93ee138af','Congo'),(204,'Mostafa','Mohmaed','2001-11-29','F','English','maggie.hoeger@example.com','576-654-0881','252a1c2ef54320eff730f7978f6f1c0aedd7e4cc','Hong Kong'),(205,'Yahia','Dawood','1999-03-27','M','English','schmidt.jerad@example.org','1-279-542-1951x413','85a8f1cd05afdbf301705ab7984c175de702e09c','Netherlands'),(206,'Mahmoud','Mosaab','1990-01-30','F','Arabic','zander.vandervort@example.net','646.488.9051','cc164a5834154ff47343d18050571f9cbba480bd','United States of America'),(207,'Hamza','Salman','2003-06-19','M','Arabic','volkman.zakary@example.com','+30(7)7566841137','782ce8bc97d81db203ff9b9c00fb2f75c7111c22','Malawi'),(208,'Anas','Omar','2019-12-14','F','Arabic','rnikolaus@example.com','184-131-2154x73503','ce20bdf1e10acbaf5d744c4f940cd4a8208e261f','Saint Kitts and Nevis'),(209,'Salman','Hamza','1983-02-17','F','English','heloise.gorczany@example.net','574-070-8958','3a55ceabd81182f2b0e6deec8dce35a3414e9cf2','Nicaragua'),(210,'Dawood','Abdallah','2019-11-24','F','English','murphy.nona@example.org','1-858-012-6956x7584','0fb2d2ca24709dc7df6aba5f6418b72f1035e73a','Botswana'),(211,'Yahia','Dawood','1997-04-11','F','English','harmony.gulgowski@example.com','099-616-6608x3948','ea98f75105d002d6b4a35263010dc330b13fbfa5','Samoa'),(212,'Abdo','Mosaab','2001-12-05','F','English','eugenia.mueller@example.org','801.998.8082x00668','eeaf7a4a623a287875142f727fedd6e0c01d1d36','Oman'),(213,'Ragad','Mahmoud','2021-05-13','F','English','lupe.lang@example.net','1-992-290-6916','b1c7c9cc2b0b65c2af17fc7cca321f1d83170c09','Guinea'),(214,'Salman','Mostafa','2014-07-25','F','Arabic','oweimann@example.com','505.621.8276','576733b2c7858c616fc67945d16f0b8f24919e87','British Virgin Islands'),(215,'Ragad','Abdelrahman','1993-09-18','M','Arabic','garnett.mante@example.org','1-656-314-9221','7d3d4101c0c432710b0261a6268c11527c0919c6','Venezuela'),(216,'Abdallah','Anas','1988-06-25','F','Arabic','tstreich@example.net','477-511-7623','52406543f0d3a456cf7b9e4738c0d30da90233b7','Yemen'),(217,'Ayman','Anas','2004-07-08','F','Arabic','keshaun.ondricka@example.org','1-248-887-6822','97ec4dfb8f987e9c05b8315defa834a79d877400','Hong Kong'),(218,'Ayman','Abdallah','2019-03-03','F','English','berry40@example.org','563-791-5953','15ddffa24803972cc938c4ceb998242049c14167','Ireland'),(219,'Mohmaed','Mohmaed','1993-04-07','F','English','smarquardt@example.com','763.640.5931x5356','061602a5d9ef2dbe463c8d9797a290bea95e87c0','Cape Verde'),(220,'Mosaab','Hamza','1995-06-26','F','Arabic','cremin.erich@example.org','1-128-672-0108x918','e9262311a77fe19bfa05ba89896276bc9bd36a7d','Taiwan'),(221,'Hamza','Anas','1996-03-31','F','Arabic','nkohler@example.org','1-894-870-7558x147','a62d379fa82ade70af8cad9c68035bc3a5d7c219','Sierra Leone'),(222,'Yahia','Salman','1981-04-12','M','Arabic','rcartwright@example.org','543.249.7575x742','7695cefb68caea18fd01196fdfe10ae5f66d9a02','Malta'),(223,'Mosaab','Dawood','1989-01-29','M','Arabic','mina85@example.org','08304952240','ba8da6cfdf103f4fa0cd05aa376c350c4aa7b72d','Timor-Leste'),(224,'Azza','Ayman','2016-10-05','F','English','marmstrong@example.net','(025)322-3253','d0acf7a93a07c21cadbb02a92368a995c0143e99','Belarus'),(225,'Salman','Mostafa','2007-09-23','F','English','wjacobs@example.com','(598)366-9430','533f1bbee4c7ce07a3ca6db31c03831ba3f256f7','Marshall Islands'),(226,'Mostafa','Mosaab','1971-10-17','F','Arabic','kaitlin05@example.net','567.843.4250','8ab6114d51b7cca4257d9872dd09c4626adb3990','Nicaragua'),(227,'Yahia','Dawood','1970-02-15','F','Arabic','destiny07@example.com','544-947-1074x6509','3f5b54e994e51553768b10efb92e97547432da9f','Georgia'),(228,'Dawood','Mohmaed','2020-10-24','F','English','camilla15@example.net','910-316-9818x99215','46fd5dcfe48e2a415990573c5bfcb19197e9cd0b','Cook Islands'),(229,'Mahmoud','Omar','2018-11-09','M','English','monica.hermiston@example.net','901-041-3559','5f464c82cdccbc9bdec921c53e5bc9758c6332a8','Hong Kong'),(230,'Somia','Abdelrahman','1991-09-23','M','English','watsica.lenora@example.org','+84(7)7456595764','63e35098a0340b25f58f30755d0313ff26ff7aa8','United Arab Emirates'),(231,'Sheta','Dawood','2015-12-27','M','English','elmo42@example.org','894-075-8197x588','126f2b6e0299551b8ab53471cfb2c7481ef523af','Senegal'),(232,'Mahmoud','Dawood','1977-09-05','F','English','kassulke.darby@example.org','(995)679-9707x03922','cceee92304a8f6f21987f0d4647dc21d120e74d9','Guyana'),(233,'Mahmoud','Abdallah','1973-01-22','F','English','jerome61@example.net','1-419-810-7349x7853','12997d1a6af5a76d5d57e29461c6c7c46e1edd93','Tokelau'),(234,'Hamza','Omar','2013-11-05','F','Arabic','pgrimes@example.com','886-265-3967','b9d6fcc0675c157f1d361f56cabaf91ba871567b','United States of America'),(235,'Sohail','Sheta','2016-10-09','M','Arabic','qfeeney@example.com','217.526.7585x69553','f3d82872b24830a2f435668db5411470639b8a26','Mexico'),(236,'Abdallah','Sohail','2000-02-02','F','Arabic','kathleen38@example.com','1-618-303-7620','9f3793a948a4366c39fb1da88f7df6fd31d241e5','Bahamas'),(237,'Abdo','Sohail','2021-04-13','M','English','elbert27@example.org','(677)203-8018','5b61ce2b0cf56b2975e182c0fd03703d50025e30','Uganda'),(238,'Mohmaed','Yahia','1982-10-03','F','Arabic','christiansen.toy@example.net','1-834-774-2897x55238','768b4f0f54ddceb8f1319d644cfa6a6a484c50a7','Swaziland'),(239,'Abdallah','Abdallah','2014-04-09','F','Arabic','cassie69@example.net','718.715.5447','edf7f50959bd869f5e3d920c30a079daa6b92dac','Norway'),(240,'Abdelrahman','Ayman','2002-12-23','F','Arabic','theresa.marks@example.net','(042)525-9160x3889','b98fdc5b5be75bc2fed28c5bf97efe988528d3fd','Austria'),(241,'Somia','Sheta','1980-09-08','F','English','mwitting@example.org','043.777.4640','bb018ffb4a45cd9b9c3935ccd90ae321cb727220','Oman'),(242,'Sohail','Abdallah','2018-11-01','M','English','melba.stiedemann@example.com','+61(4)6302251316','592be5e7e5493d7dbb389a77df70222122945a3a','Spain'),(243,'Ayman','Sheta','2009-05-18','F','English','yframi@example.net','(150)685-3056x34874','86e426fe0ad93ebdffc8a470d66f4f6e7d75d370','Poland'),(244,'Somia','Mostafa','2007-07-24','F','Arabic','aschimmel@example.net','083-699-7391x142','c0910470784fb09303be4bf6a963a670272c2875','Central African Republic'),(245,'Dawood','Hamza','2018-09-23','M','Arabic','hayes.sylvia@example.net','768-010-6056x55675','ea23dd32cf252ef1ab193db3f564860337cf3fd3','Poland'),(246,'Hamza','Sohail','1981-03-18','M','English','mylene.gleichner@example.com','1-451-228-6791','6c79103c1fe16d4c369f38dd166d97e83f51c8a1','Equatorial Guinea'),(247,'Mahmoud','Hamza','1981-06-12','M','English','werner76@example.org','172.629.0278x172','62a4311d0ddb6167ca9a2eaabf87ae4760161936','Korea'),(248,'Abdelrahman','Anas','1989-06-03','F','English','mwillms@example.net','623.395.4657','5ae256f16bbfa3e2fc36bc1fcc8b3e414e4ff42d','Congo'),(249,'Salman','Ayman','1994-02-23','M','English','nbins@example.com','1-372-080-3360x8698','5c538adc7f982cb4e6cb75f924a2e3bf82dcd482','Kuwait'),(250,'Anas','Salman','2011-10-27','M','English','grant.dillon@example.org','(568)438-8663','d0ef8fd4ce3e247e874d97b2cd7478d088100d9f','Lithuania'),(251,'Abdallah','Mohmaed','1981-01-14','M','Arabic','brad.moen@example.org','400.740.3401x4151','2c2c038b506117849947aed776565127a46d2f5b','Jersey'),(252,'Mahmoud','Abdallah','1975-09-08','M','Arabic','wisozk.tracy@example.com','960-723-7462','8e2527ca9e4320d20a28cd5022c41e4285225203','Central African Republic'),(253,'Mostafa','Mahmoud','2000-07-07','F','English','kkassulke@example.com','050.584.0236x6044','c64db4649af265a4a305fec0790f884a87495079','Gibraltar'),(254,'Salman','Mostafa','1985-10-31','M','English','rebeka79@example.com','09949086186','6dd4f14fa4fd9b9d933ffc2eab68626388eb3c9c','Holy See (Vatican City State)'),(255,'Mostafa','Mahmoud','1995-03-18','M','Arabic','bernier.tobin@example.org','+68(9)7991673128','c13f91e8bb7f314dbcdb1b1d743531770808f58d','Netherlands'),(256,'Ragad','Abdelrahman','2018-01-05','F','Arabic','xyundt@example.com','(123)807-9642x2663','f6f30976ff92a3347b829d10ec8af5c2307f961b','Cambodia'),(257,'Somia','Dawood','2002-10-24','F','Arabic','rickey90@example.org','996-767-5189x81098','35d375cbbe0a9ac1ea612c5dac0f2f8775b3f470','Antigua and Barbuda'),(258,'Sheta','Abdallah','2007-08-12','F','Arabic','khalil97@example.org','00565216516','fb74fd8cd4c04d4ad421dae00fe879ef0175068b','Slovakia (Slovak Republic)'),(259,'Abdelrahman','Mosaab','2020-04-16','M','English','fleta.wisoky@example.com','(468)659-2434','f2e9b4e968a378463a41ecc7d9170c3b47dba707','Panama'),(260,'Somia','Abdallah','2005-12-17','M','Arabic','kassandra53@example.com','700.390.7872x732','2f9044fae91de003af8a10c3153522ad9ccade54','Cuba'),(261,'Hoda','Anas','2004-07-02','F','English','alford24@example.net','1-131-418-8919x1438','f6282ff366d49ce8df59ab2efe6a765b6528f496','Saint Vincent and the Grenadines'),(262,'Omar','Mahmoud','1982-04-27','F','English','kchristiansen@example.net','08608218881','f17fd8fc9d4dfb73b35eae28fb353a72c3748dbd','Comoros'),(263,'Omar','Ayman','2002-08-08','F','Arabic','collins.mazie@example.com','1-446-541-9763x1286','c0618caab1b90c989bfc5a1ce89f38e4242ef8b2','Comoros'),(264,'Sheta','Omar','1997-08-03','F','Arabic','nweissnat@example.net','455-931-6032','d3ecff7eb58b971e5041a3b54fcff80302abbd9b','Niger'),(265,'Abdelrahman','Mostafa','1981-10-14','M','English','izaiah97@example.org','959.098.4087','490ea4481d645a3ae4bf6d98cef91f627ab03572','Guyana'),(266,'Somia','Abdallah','1979-10-19','M','English','pbernhard@example.net','(850)965-3420x88264','3afd773d701b2ce81b730b36f1989ee80106b306','Vanuatu'),(267,'Mohmaed','Anas','1984-09-04','M','Arabic','kassulke.anais@example.org','109.176.4022x180','b9cc6d06cbd2917034844153934d789b0b1713b4','Senegal'),(268,'Omar','Mahmoud','1970-12-23','M','Arabic','tgoodwin@example.com','763.153.1897','d9057913d8b8636cdf2ab79fe685fc97d790ad25','Egypt'),(269,'Ayman','Abdallah','2013-08-08','F','Arabic','sienna.ondricka@example.net','+45(9)0133963745','f019ec8c7f51f78b284f49ba1493bf832c465a28','Botswana'),(270,'Hazem','Hamza','1980-10-27','F','English','emiliano.bradtke@example.net','(712)986-7127x0155','672bec9b1833d554555498b2a2c6166115200e8f','Tokelau'),(271,'Mohmaed','Ayman','1983-02-16','M','English','rosemary61@example.com','599-231-7728x9190','f7c555e8b06067b1179a6e7eac0f088611e8cbc2','Haiti'),(272,'Yahia','Mosaab','2014-01-21','F','English','hauck.arch@example.com','07560384250','a9a3f2c2e6eacaf184afaece1958580c493c93d1','Canada'),(273,'Sheta','Omar','2010-11-20','F','Arabic','makenna86@example.net','1-334-320-5351x7180','54412e5eaa268cbe7305679a2fa2b2a442188df3','Grenada'),(274,'Sohail','Mohmaed','1982-09-21','F','Arabic','consuelo.dare@example.com','1-459-619-3088x8603','3fda55f3736ab12b8ada79d54807138bb34148e0','Falkland Islands (Malvinas)'),(275,'Mosaab','Mostafa','2003-08-16','F','Arabic','tfeeney@example.net','1-785-584-0590x2464','b450360737e74a1171fb37ad205a5847a283e378','Russian Federation'),(276,'Ragad','Salman','2001-05-04','F','English','kwitting@example.org','1-116-833-1257x36227','3572184d54ba4cb9a7ff5d11cf2405c0c53434f6','Moldova'),(277,'Mahmoud','Abdallah','1982-09-23','F','Arabic','vita.gulgowski@example.org','214.953.9548','509bb6ed38d06cd0f6779de20b77e784cdad266d','Armenia'),(278,'Azza','Sheta','1973-08-16','F','English','jratke@example.com','(302)454-2476','26084cd11d0e97ae0be0b1c025bba540ed08f2bc','Somalia'),(279,'Yahia','Sohail','1977-06-17','F','Arabic','alena59@example.com','483-318-9344','6063330de85a5759a885bfd19c47e524105b9a53','Holy See (Vatican City State)'),(280,'Omar','Salman','1981-02-14','F','English','cameron.turcotte@example.net','1-436-898-0096x852','f670c8af518e9d5a0d1365fbebc7d05c31791723','Comoros'),(281,'Yahia','Mosaab','2007-01-24','M','English','grimes.bobby@example.net','05674491339','5eac87c010662fe0be9a9c5798fd23b8e3a58dd0','France'),(282,'Yahia','Mostafa','2013-12-14','M','English','lindgren.meagan@example.org','(391)121-8750x37802','6682aeb2f1f30d21cf38d9c700aa98e38b4c940f','Ireland'),(283,'Salman','Salman','1981-05-13','M','English','stehr.rashawn@example.org','(990)163-1207x87813','2796eac8503bbf93d3909245039eb3c08fb5efa2','Mexico'),(284,'Azza','Abdelrahman','1996-08-05','M','English','wilburn34@example.com','100.508.4742','c3788fbd1087d6a8b64650997c10cdc3d571a522','Liberia'),(285,'Sheta','Abdallah','1988-03-25','F','Arabic','watsica.brock@example.net','(878)859-8233x253','ea47c7af75f7ab34640b7c7a5a11bbe2d04b0f3c','American Samoa'),(286,'Abdallah','Hamza','1990-11-21','M','Arabic','iluettgen@example.com','(538)014-4142x135','7eee5202d8c0800c366a003dd879c0d23668c692','Spain'),(287,'Mostafa','Ayman','2021-06-27','F','English','doyle.murray@example.org','928-528-2136','3fd16b392851d61831478663ed823b6e13e818d7','Jamaica'),(288,'Sohail','Sheta','1985-02-26','F','Arabic','malvina.brekke@example.net','(184)639-9863','28f172281fed661777437ff7a0ab9e31ad1d00f3','Luxembourg'),(289,'Yahia','Sohail','2015-10-14','F','Arabic','xjaskolski@example.com','492-341-5303x1506','8522a9c37599e781830665a1d340af4e9eac97b2','Sweden'),(290,'Ayman','Ayman','1981-06-12','F','Arabic','mayer.elbert@example.org','637.626.7172','edb7d261c8fe9e20d9df74634ca6ee8de21697d7','Sweden'),(291,'Azza','Yahia','1975-03-03','M','Arabic','smueller@example.org','902-065-5412','4701cd2f32a945f512058712a2f0717402786590','Samoa'),(292,'Dawood','Sheta','2015-05-07','M','English','uo\'kon@example.org','(160)239-0540x4325','656c489788ba944617daa9ca279311465248b8da','Barbados'),(293,'Hamza','Mahmoud','2008-03-15','M','English','marilyne91@example.com','1-351-417-8215','149b2cbde1d9dfd2fcc9ed12eb901f09c13925d9','Western Sahara'),(294,'Mosaab','Salman','1980-01-11','F','English','merle.lockman@example.com','1-090-917-4553x19017','82fda26ba5d8f01ab59b518f9d704a1de40d1d2a','United States Virgin Islands'),(295,'Ragad','Mosaab','2005-05-04','M','English','kathlyn89@example.org','1-989-155-6922','b260169a4535071056620c58e7f6b5172d12a5d5','French Guiana'),(296,'Hamza','Anas','1972-08-02','M','English','fhodkiewicz@example.net','768.178.0638','4d2f62268ba7784d26215e6efb8ae243dd7e4225','Namibia'),(297,'Abdo','Dawood','1989-07-09','M','English','durgan.daisy@example.com','1-819-619-6473x40947','ccd1c1d1250fa258c004c947cf4579e512085af8','South Georgia and the South Sandwich Islands'),(298,'Salman','Mostafa','2021-06-06','M','English','bennie17@example.com','(689)930-2725','ff3186025c5a705c941e17fff011a941a5977a89','Cyprus'),(299,'Yahia','Salman','1989-11-03','F','English','sgerhold@example.com','805.045.7618','792eebe7a9c78f51621bd9cec143d642fa40a1e4','Canada'),(300,'Hazem','Abdallah','1976-07-13','F','Arabic','yvandervort@example.org','885-101-1932x7527','06ac71c87eb91c10121d61c3e80c0d59247f3396','Russian Federation'),(301,'Abdo','Abdallah','2016-08-27','M','Arabic','christiansen.janis@example.com','070-692-0208x3164','b24b8f19b778fa75c47bf3aea3fe7673f554eb6e','Andorra'),(302,'Mostafa','Anas','2021-11-08','F','Arabic','elliott65@example.com','829-830-8337x42642','15f37c10709150604064d68e11f78fc3a8bb1acd','Lebanon'),(303,'Anas','Mostafa','1987-11-30','F','Arabic','laverne77@example.org','581-505-6102','63f121305eb78a2d3f8727c688a8919fb408faca','French Guiana'),(304,'Abdo','Abdelrahman','2019-12-22','M','English','nathanael.mclaughlin@example.net','999.861.2109','dfaf6939a1a1f60b25bf068d963036970fb9066f','Bouvet Island (Bouvetoya)'),(305,'Hoda','Salman','2000-12-22','F','Arabic','flavie09@example.net','829.389.7027x69564','dcb4328b0495f80ae267402c6cef905f663b8aca','Faroe Islands'),(306,'Mosaab','Salman','2020-12-19','M','English','camila60@example.org','257.620.3541','3b89b91a57a5bd17300e2cbaf8e1566cc93c6a5a','Central African Republic'),(307,'Ragad','Yahia','2015-07-08','M','Arabic','luther.wiza@example.com','+46(1)9983545284','71d0b3c18a1a7e800170b4f3ff115b0192be934a','Uruguay'),(308,'Ragad','Mohmaed','1997-11-11','F','Arabic','aliyah07@example.com','078-443-4104','c5c7616d4642628eb3f98b2deea1183e1e324943','El Salvador'),(309,'Salman','Abdelrahman','2002-08-01','F','English','sanford.guy@example.com','887.173.0927x60915','5490878a099866915bac5e82083dc000f6dd848e','Niger'),(310,'Azza','Sohail','2015-06-29','M','Arabic','mitchell.keeling@example.com','(110)218-3189x8631','38436260986dd9e25bda2fb1fb35c79b2d80f6bc','Kenya'),(311,'Hamza','Ayman','1999-04-19','F','English','abagail66@example.org','254.894.3268','d5d482fc1836c9e4ba573e3a1d1705a20aa13873','Venezuela'),(312,'Hamza','Omar','1998-05-09','F','English','antonio31@example.org','+37(2)2354149954','f3311cdc4ff0cd68761786908eac294c1dd7005b','Mexico'),(313,'Ayman','Mostafa','1975-12-09','M','Arabic','bobby19@example.org','960.311.5267x5010','b53c0873d8170d2d1c8ea893e0e56fdf5f94de1f','Jamaica'),(314,'Abdelrahman','Abdallah','2006-08-04','F','Arabic','sabryna.graham@example.org','(737)479-6344','98158437202a61a0502c1df606153124d1600870','Somalia'),(315,'Azza','Salman','1985-10-21','F','English','bernita.fisher@example.org','953.244.1859x636','24189c54bb35a0fc8a027680c1f04d7d2ed8fd57','Mexico'),(316,'Azza','Anas','2021-05-06','M','English','lemke.kailyn@example.org','932-210-8927x51019','dcc4908f372bf453cd9e835e64d29e0624515f02','Cocos (Keeling) Islands'),(317,'Mahmoud','Mostafa','1990-01-14','M','English','tyreek.cassin@example.net','884.971.7635x21257','5001679ac9ea7548030a5822c248876ccbc73f6f','Malaysia'),(318,'Ragad','Mohmaed','1971-06-15','M','English','jenkins.westley@example.net','04828953533','1a0b4b43e8b37778a19f0a93b103b2ab27b96d3d','Italy'),(320,'Hoda','Sohail','1974-06-04','M','English','ocole@example.com','714.622.2361x742','c3b847d7fd673506c969f5ab0f342ff8ce996bf3','New Caledonia'),(321,'Mahmoud','Ayman','1988-03-05','M','Arabic','ncassin@example.org','+12(3)7695187306','09ab71d6e1fb6cb0d1ae7aa10061a250a0ff26f2','Slovenia'),(322,'Dawood','Abdelrahman','2011-08-25','F','English','jarvis22@example.com','531-983-0191','1e18060c93252d4ed24454d1a7126c0682e28a45','Libyan Arab Jamahiriya'),(323,'Hoda','Anas','1998-07-05','F','Arabic','howe.lyda@example.org','218.001.3343','c7b0a9b5ffb60ed778b0c92a9b0175412d4beb27','Japan'),(324,'Mahmoud','Anas','2018-09-23','F','English','hipolito75@example.org','324-563-8122x211','9660dd9bae10316b29a897a8a763801e2df2ca83','Suriname'),(325,'Omar','Mosaab','2006-01-22','M','English','gutkowski.norris@example.org','064.760.8248','e823d00b10d10844a73cb69c081c4dbf0c3b7a45','Puerto Rico'),(326,'Hamza','Mostafa','1975-05-29','M','Arabic','camren.kutch@example.com','07147102732','9549e96dbb63ed98529bf5eed302158ce88d1908','Northern Mariana Islands'),(327,'Hazem','Sohail','1971-02-20','M','Arabic','faye.zulauf@example.com','378.860.2516','f258f7c1da74088638ddcb081dd9a19ed2c49ce0','Macao'),(328,'Abdelrahman','Mahmoud','2002-11-12','F','English','bruen.lamar@example.com','+47(9)8419603896','c21f6e98b289bf975dc85535c9c7b9c01f7cea45','Cayman Islands'),(329,'Anas','Abdelrahman','2015-05-19','M','English','irma46@example.com','07403168233','01e617d9f3efa4514531e7cf59ac554684b3d297','Dominican Republic'),(330,'Anas','Mohmaed','2013-07-27','M','English','hbaumbach@example.com','05590934954','62c716bc27cbf079f8471c57dc128f2e7c025403','French Southern Territories'),(331,'Salman','Yahia','2001-06-17','F','Arabic','wrobel@example.net','(474)172-7447','17909f7d8d41141eadbf52b795d33e7392675dff','Cook Islands'),(332,'Mostafa','Sohail','1997-12-29','M','Arabic','schaefer.geoffrey@example.net','189.506.6034x1534','9499e1a3788255fa19ae90d116dfef142afe3c05','Holy See (Vatican City State)'),(333,'Mohmaed','Abdallah','2017-05-13','F','English','santino.brakus@example.com','(491)970-3838x67889','c6a24424b607dced04168336daf9e91b32dd49bb','Lao People\'s Democratic Republic'),(334,'Sohail','Yahia','2016-03-23','M','English','dickinson.neva@example.net','1-407-562-1240','c7f73b3f7c03273671b4c68a2c3a72967b785a46','Aruba'),(335,'Mohmaed','Sohail','2000-12-23','F','Arabic','chermiston@example.net','1-798-925-7592','f70f55a1ee28bfd7deab8c04af38492e57505c42','Tonga'),(336,'Omar','Mostafa','1975-03-10','F','English','rubye.feest@example.net','(602)549-6774','81c3719649b85e55f9f4c1b174cae84a130cbc44','Haiti'),(337,'Anas','Salman','1989-10-25','M','Arabic','crolfson@example.com','433-945-6520','2f897dfe4d362f4abb4dbdf9ce31d3a91f2ffc30','Malta'),(338,'Salman','Abdelrahman','2011-09-25','F','English','hrosenbaum@example.com','+19(7)2937751437','a51c939d7cc4dcd4e3ab18c2b65c9f9ffef1e9d3','Pitcairn Islands'),(339,'Mostafa','Mahmoud','1971-09-02','M','English','o\'conner.julio@example.net','883-908-5030x072','89197b2e8eece4bc62e94002d4e5b18a554003aa','Martinique'),(340,'Hamza','Omar','2011-03-29','F','English','zsmith@example.com','+39(3)6355358118','4027781fee51f37b739514126001d43c11835403','Macedonia'),(341,'Omar','Dawood','1998-01-23','M','Arabic','cole.glover@example.org','332.076.6849x9659','5ceb678abe33d18d5539bce2f87b8ebf6fb62fd5','Gibraltar'),(342,'Hamza','Dawood','2016-04-03','M','Arabic','marianna11@example.com','955.910.8150','975c7b47a090e018909d314a95ad2643ae2680a9','Burkina Faso'),(343,'Mostafa','Sheta','2009-07-08','F','English','bcollins@example.org','870-586-2252x078','ce5baaf6c646ff24d6ddd02b0b495a2e9912c639','Kiribati'),(344,'Omar','Anas','1973-09-14','F','Arabic','o\'conner.werner@example.net','500.529.4213','ab64b741b753e46da56da8d69470c8ba0eca171b','Guernsey'),(345,'Abdallah','Yahia','1998-06-30','M','English','dstracke@example.com','507-481-9852x21367','93b8cb5504349cf545e2a6d86da5dc18cbe957bd','Papua New Guinea'),(346,'Salman','Abdelrahman','1981-12-13','F','Arabic','efarrell@example.com','200-781-3173','38cd59574b26fbe4aac22a74096660f23be55105','Palestinian Territory'),(347,'Dawood','Mosaab','2020-05-28','F','Arabic','gglover@example.org','983-924-8144x831','e600158e1bf95a7484e7306fbe7c33e16cb41230','Gabon'),(348,'Salman','Mostafa','1986-06-14','F','Arabic','yundt.devonte@example.net','06944915895','902b90588ecb735bf27d612237e6374ecedd2946','Suriname'),(349,'Mosaab','Abdelrahman','1995-12-20','F','Arabic','einar80@example.org','02333212511','6590c4261abe2204fb8938485df6b21d48f07511','Kuwait'),(350,'Azza','Sheta','1990-02-11','M','English','miller.jaeden@example.org','1-271-870-4340x960','5503592d7899c2b11c900905d54a9ef9666c7cdc','Guam'),(351,'Mahmoud','Yahia','2011-07-07','F','Arabic','raymond22@example.org','(541)604-3802x861','5a2dc90b46cb2f6495db869ccd7a07d6f069127a','Oman'),(352,'Omar','Dawood','2016-09-07','F','Arabic','sipes.elbert@example.org','+55(3)7853200488','7b71c70b9e36b4f7ea27924d8b4ccfed98acf525','Solomon Islands'),(353,'Salman','Salman','1991-03-17','F','Arabic','alex28@example.org','07413584875','fa91f01a2d682a1642108b2dac111c308e789d95','Egypt'),(354,'Abdallah','Anas','1998-02-13','F','Arabic','joanne18@example.com','327.517.4795x07982','c1623ccf71856293fd7fd2b61f5383fb3c9b4f92','Tonga'),(355,'Mostafa','Abdelrahman','2006-12-14','F','Arabic','robel.darian@example.com','816.772.8004x8585','e13c491b9bf7fdabf212bdff2f1ecc537941870d','Comoros'),(356,'Salman','Mosaab','1974-02-26','F','Arabic','mills.dana@example.org','561-952-0305x61818','3c23afbd4d6ef3680bf0b7e4309d6d3e03192ff1','Guyana'),(357,'Mohmaed','Abdelrahman','1974-02-05','F','English','ahaag@example.net','(197)695-0681','e583a9cf6ff3e3ee86082a2c5468ad794bdfc4b4','Djibouti'),(358,'Hamza','Sohail','1978-02-28','F','English','qabernathy@example.net','1-098-222-8976','e8fc822c0117647b8b08449d6cc60882a3aae4b8','Trinidad and Tobago'),(359,'Salman','Abdelrahman','2001-08-05','F','Arabic','graham.skye@example.net','(047)528-4694x8395','59abf715953d213a970253fabc681aa163e8e58e','Argentina'),(360,'Mohmaed','Sheta','2014-12-25','M','Arabic','oschowalter@example.org','+29(2)6683431448','dfeef6da265bb82555e162b3bbed237fb4eac9c3','Jamaica'),(361,'Abdo','Salman','2017-11-25','M','Arabic','rachel58@example.org','734-955-0520x324','46e02df92d5e1a6afd32f857c4b2a632bda8878b','United States Virgin Islands'),(362,'Ragad','Mahmoud','2021-11-04','M','English','ahagenes@example.org','+73(1)4776271746','b6ab0b01b0d799238d408ed0ccf705b5d828efd0','Afghanistan'),(363,'Dawood','Sohail','1971-03-17','F','English','lucy01@example.net','05534365072','d641d9ce3e3989c243127d97940ff4fbe890afbb','Palestinian Territory'),(364,'Mosaab','Dawood','2008-06-13','F','Arabic','xander55@example.net','333.787.0945x93162','d4748f5c85031c359ce25e4404f41dec324355fa','Liberia'),(365,'Sohail','Mostafa','1972-07-19','M','Arabic','king.bednar@example.org','+63(4)2422432743','c955142692225d76d8cd3714efa3a59ecca78bfb','Serbia'),(366,'Dawood','Ayman','2003-11-04','M','English','iwhite@example.org','1-976-299-7059x055','da2a11a7f4db799fe6178e9e04c9ac1b6edc40e1','Brunei Darussalam'),(367,'Abdelrahman','Salman','2001-06-01','F','Arabic','prohaska.dino@example.net','(672)984-6474x3534','270a0baaa53805c45d8393d63e9beebd2bbeb2a4','Estonia'),(368,'Ayman','Ayman','1984-08-25','F','English','letitia.bosco@example.org','1-543-570-1307','3b83d11a551af4a4a6340ba1f9bd3e813c99b941','Uganda'),(369,'Azza','Mohmaed','2000-04-01','F','English','kovacek.adrianna@example.com','793-869-2492x480','8ca928993444ddd6942ca9027f7d926e17db6dd5','Sri Lanka'),(370,'Azza','Mohmaed','2012-07-26','M','Arabic','nella.rosenbaum@example.net','+28(9)8399667483','91172a20c2d7c14473b325deb1b23a1d7e02b712','Syrian Arab Republic'),(371,'Anas','Sheta','2002-04-20','M','Arabic','jeanette.robel@example.org','(199)124-9167x8656','32b12b6462839a5808828676725f0389c1573f81','Namibia'),(372,'Abdo','Sheta','1975-01-12','M','Arabic','moen.coy@example.org','(145)818-2718x8589','7caeab9e86975175fadbb98bea04b8d36c73a9da','Niger'),(373,'Ragad','Sohail','2002-01-22','M','English','skuhic@example.com','542.180.2738x29840','168e2fe03fb408b37336c4d87695f5f853399c5b','Belgium'),(374,'Abdo','Yahia','2005-09-12','F','English','dejah72@example.net','249.213.5832','d1086961072ac047cb9e7b85984611c9f05c05b2','Kuwait'),(375,'Mostafa','Abdelrahman','1982-05-03','F','English','cielo16@example.com','(246)491-5566x43321','71a43889112b0f9bbaddb9b86e56b1c1dd0987b2','Andorra'),(376,'Dawood','Anas','2002-05-07','M','English','jana85@example.org','1-800-660-0931','c63dd5d58dee5c78de7a50df1276e718e2620a9a','Germany'),(377,'Salman','Hamza','1972-09-13','F','English','mromaguera@example.org','(253)801-5769','38814c34d73ecce220b56cd2cb4fd1fcb3abc130','Antarctica (the territory South of 60 deg S)'),(378,'Hoda','Hamza','1996-12-24','M','Arabic','mprice@example.net','358.952.6049x73442','da2082c9dba08b400faf259f4ef119e28e43a101','Zambia'),(379,'Hamza','Mahmoud','2018-04-14','F','Arabic','christophe.schamberger@example.net','(234)210-0189x49366','4ea24cf82837cc54ee250854377d2d57ba433e65','Montserrat'),(380,'Mosaab','Dawood','2019-07-22','F','English','satterfield.makenna@example.net','00148905552','227a9739b3ae6cf80b7de0f873d7265bf10d892e','New Caledonia'),(381,'Anas','Anas','1977-09-19','F','Arabic','koss.melissa@example.org','048.688.8349x8741','77f1d154c5a4d34eef1014432cd85b351eada5e0','Malaysia'),(382,'Azza','Sohail','2016-01-26','F','English','deja.botsford@example.org','(504)241-6390','17a0606d2a2fa144a34bce9a3a065ab78cca8157','Canada'),(383,'Azza','Sohail','2014-01-15','F','English','americo.larkin@example.org','03385125940','864108e48a38b7107fc611991034e94fc539c477','Syrian Arab Republic'),(384,'Mostafa','Sohail','1997-02-25','M','English','janiya94@example.com','853-169-0598x679','5c11e5b829b5ce6b3067992de9bb864bbcd5a5ec','Haiti'),(385,'Salman','Ayman','1985-02-04','F','English','hilda.mayert@example.com','03943161391','749fa54829c2d77e907c9b44554f6fa1b0c9f6d8','South Georgia and the South Sandwich Islands'),(386,'Sheta','Sheta','1982-02-05','M','Arabic','stiedemann.anastacio@example.net','920-547-1870','cf13b4c8eaeb44537936d369d9f6d612fd37a0a4','Luxembourg'),(387,'Sheta','Anas','2017-05-02','M','English','stracke.aurelio@example.org','736-076-0207','091a157d35589c6a4a5cac51b80110a942236342','Netherlands'),(388,'Abdo','Dawood','1975-10-06','F','Arabic','leonie.kassulke@example.net','(370)815-2653','fc2866be7c4469d424822a02856d0a652ff63cdd','Slovenia'),(389,'Hoda','Omar','2010-01-21','F','Arabic','tobin28@example.net','1-698-710-8340','3abf6dceeca2fc52a43cb408873de7a51bcfcb14','United States of America'),(390,'Abdo','Salman','2017-07-27','M','English','carli.wisozk@example.org','659.355.5711','f493b12bf47b98c99b1d8bb4538573750a4ffee8','French Polynesia'),(391,'Ragad','Sohail','2005-06-28','F','Arabic','brenden.wuckert@example.net','016.829.4066x27910','61f049b5fa0bb69399864c0504c83d271bb8427e','Norfolk Island'),(392,'Hazem','Anas','1972-07-14','M','English','annetta97@example.com','(056)685-2344','50f18d9d57941c465863aafca80b570d160f6231','Tonga'),(393,'Yahia','Yahia','1993-03-26','F','Arabic','jhuels@example.org','1-007-792-8658x4337','b0eee486a0d7aab8b1135172c75791f2386dbac7','Venezuela'),(394,'Ragad','Sohail','1972-08-07','F','Arabic','flo26@example.com','09325488963','bd6444f0c4ab006d2a34a84bc3fae81f46e054b6','Cuba'),(395,'Sheta','Mosaab','2001-06-24','F','Arabic','nbeatty@example.org','244.964.7661x855','031e10c3361a35c37d39deeecf6f498ec0346807','Micronesia'),(396,'Somia','Omar','2008-03-05','F','English','deckow.tillman@example.net','+79(6)3770228369','df7da529a9c60447e8027a10518d0324a74fc3fc','Norfolk Island'),(397,'Dawood','Hamza','2002-10-03','M','Arabic','pcorkery@example.com','(601)199-7534','f7ceac7d6502094b2f6ecf795f520ca5e217ad30','Cook Islands'),(398,'Abdelrahman','Omar','2012-02-08','F','Arabic','pouros.nels@example.org','422.779.2029','05226734c7aeadcb8c04bb06e9ba02b5917ebb5e','Ukraine'),(399,'Sohail','Mostafa','1998-02-14','F','English','rozella79@example.com','935.009.8561','f03db2749c54b713d382b0178fa708897a6fdcf1','Isle of Man'),(400,'Hoda','Dawood','1978-01-20','F','Arabic','zabbott@example.net','926.907.6589x816','f427112cdc9f71afe4e0bfe901179996f72fe940','Senegal'),(401,'Somia','Sheta','2018-05-26','F','Arabic','cydney.o\'reilly@example.org','1-764-227-9935x7648','1431645fc6c0fb654e73886a952623e9bd7cb727','Saint Martin'),(402,'Abdelrahman','Mostafa','1981-06-30','F','English','paolo53@example.com','1-363-645-3214','660c6589bebde9b1d7760811bbe984cf59d8552b','Holy See (Vatican City State)'),(403,'Mahmoud','Mahmoud','1980-07-09','M','English','reymundo14@example.net','1-978-365-3091','808837a2317bf60b1f31b9f2bbef9510dc9e7178','United States Minor Outlying Islands'),(404,'Hazem','Hamza','1979-10-30','M','Arabic','chelsea.monahan@example.com','491.873.1344','4d5af0f23ede9a7a88131f401738f09a911753cb','Cape Verde'),(405,'Abdo','Mahmoud','2007-04-14','F','English','dagmar62@example.net','(987)205-7449x47451','ca0e51c5302703fbbef7e2d2d8fa2e32256f29b0','Philippines'),(406,'Abdelrahman','Ayman','1994-10-06','M','Arabic','ywill@example.net','717-017-1561','94c93f90381e9ea25b8e72ebf978521672c051e2','Philippines'),(407,'Mosaab','Dawood','1974-02-21','M','English','hahn.ron@example.org','817-435-7691x12071','03769d8b24bd75a1449493ce40659e3e264b179c','Czech Republic'),(408,'Hoda','Anas','1983-06-18','F','Arabic','archibald.robel@example.org','780.389.8209','2a706534bcaa5e017610a63a63e64aa933e16940','Liechtenstein'),(409,'Hoda','Hamza','1982-12-21','M','Arabic','edwina.pagac@example.org','430.882.8930x97841','9c640bce9fdad258b9715ae9d984ebef52dc58d6','Pakistan'),(410,'Sheta','Dawood','1978-05-30','M','Arabic','hank69@example.com','04453435978','533c7f3d04aa1cd6be0cc897081c6fa77d03db96','Luxembourg'),(411,'Somia','Mahmoud','1980-12-07','F','English','rene83@example.net','(867)444-2498','81818fb4537f2624a7b8f1e4e021e97f0d43d76b','Slovakia (Slovak Republic)'),(412,'Dawood','Abdallah','1975-10-31','F','English','djohns@example.net','00617453581','2fe23416692dbb8bc35b119b531f5d8ac6cc5116','India'),(413,'Abdo','Mosaab','2004-02-01','F','English','orion91@example.com','02187232559','1dd0279f7ba68ab9519778b598367f1c8129873d','Sudan'),(414,'Abdo','Mostafa','1983-06-10','F','English','rose55@example.net','(181)881-8249','e413d167491e4f7627897410a0a61baaf11c6778','United Kingdom'),(415,'Mahmoud','Yahia','1981-07-16','F','English','hannah.hoeger@example.com','(767)112-0262','e218fdaedb749f936d83e68f687357556acdf094','Sweden'),(416,'Mohmaed','Omar','1991-02-19','M','English','travis14@example.net','1-022-101-5716','828907419e2bbec42b25ea9fca74497390c68242','Gabon'),(417,'Dawood','Sohail','1998-07-13','M','English','baumbach.alexandre@example.net','755.865.4733x00067','b411aec563cdba41b2448a57337b87d0315b43d2','Equatorial Guinea'),(418,'Dawood','Abdallah','1977-04-24','F','Arabic','greenfelder.kaia@example.com','1-044-471-8591x12323','177b0b7e15ab46dcabe64f3b887f07c13c432d92','Marshall Islands'),(419,'Abdallah','Ayman','2010-10-21','F','Arabic','myah21@example.net','(121)881-3317','0374e6d88cfad9f2792b250772980c9306885cc4','El Salvador'),(420,'Dawood','Omar','1973-02-13','M','Arabic','cheyanne.goodwin@example.com','(667)682-3040x9550','10780d911a9acc575c6376586eb06db3a08af262','Hungary'),(421,'Azza','Mostafa','1987-06-09','M','English','williamson.leilani@example.org','582-367-3754','8e9f842a07a454a01356d92a6e32e779b62883b1','South Africa'),(422,'Mohmaed','Abdallah','2011-08-23','M','Arabic','creinger@example.com','07267753989','9dcd00b3423b8236c32c8dabd46c6dde23bc5dd6','Peru'),(423,'Azza','Ayman','1982-01-17','M','English','armstrong.mathew@example.net','+94(2)2333836833','f3b1a710f0c98e479a9d431470afff9cb7214562','Paraguay'),(424,'Hamza','Hamza','1981-11-01','M','Arabic','fbahringer@example.com','771-755-1526','fed7213e7580737e11622214efdbbefa45831b53','Grenada'),(425,'Abdo','Dawood','1971-04-21','F','Arabic','legros.darryl@example.net','06084669330','fdf6110dd403faa074049a1f11ee111e567e230b','Timor-Leste'),(426,'Mahmoud','Sheta','1997-01-06','F','Arabic','jessyca.stroman@example.net','+54(1)0931376349','cedb13b4ae278ddaad8e990765a0ea310d8513a7','Cape Verde'),(427,'Dawood','Yahia','1986-05-05','M','Arabic','santino57@example.net','197-689-6270x3832','6c9b15e7e3715ac133f0e3a60c4bc1068da64f6c','Hong Kong'),(428,'Abdo','Dawood','1981-02-20','F','English','ilubowitz@example.net','1-183-590-5577','1b4f9b493e56af3d95ea8d702e7120bb7e4940a1','Liechtenstein'),(429,'Mostafa','Hamza','1987-03-17','M','English','precious76@example.org','05033622921','6cc0117275c45d082206617472182647c37cbbe5','French Polynesia'),(430,'Sheta','Anas','2004-07-03','F','Arabic','effie62@example.com','06153826107','ba39e7ef73a9f8e22996a22c0d1865826bca5fa8','Nicaragua'),(431,'Salman','Abdelrahman','2011-11-04','M','Arabic','jtoy@example.org','04448522211','b4743bc5e46f3edb1fd00b31e7804b690258efc1','Nigeria'),(432,'Abdo','Abdallah','1998-04-18','M','English','rashad.mcglynn@example.com','505.030.0113','02ad24e5e5297d57b6ed01fca75b669e4402e74f','Niue'),(433,'Hoda','Sohail','1970-10-08','F','Arabic','wnikolaus@example.net','(466)526-6690x153','b10da56015d15f4d83502d6dd07ee72cb272d966','Maldives'),(434,'Dawood','Mohmaed','1981-08-08','F','Arabic','watson98@example.net','(319)566-8166','79328dfb8fc51cde7457ab8ab6440cf71aab2f40','Comoros'),(435,'Yahia','Anas','1971-03-26','M','Arabic','reilly.merlin@example.com','+00(6)0057057938','0d78132937c1faff4bc8d0555631cb70bc9970bb','Pitcairn Islands'),(436,'Anas','Mahmoud','2015-01-12','F','Arabic','schmitt.wyman@example.com','08003657437','c91d58a7f7f9a5a259a01c7b44224fc1262d353d','Nigeria'),(437,'Abdallah','Omar','1982-12-08','F','Arabic','german.dietrich@example.org','903-521-9982x3892','8b4cbefcdf0eabf3e598aaf8cfec5b624676302e','Montserrat'),(438,'Anas','Yahia','2015-06-11','M','Arabic','hazel11@example.org','529-907-4272x50203','e684e713e34f833af42ef3be343f88ca813b96ad','Botswana'),(439,'Salman','Mosaab','1986-06-08','F','Arabic','nella.schneider@example.net','(697)107-4712x740','4e9dae2f6a81b8bf2f29d2aaaac41b76aaa7ea30','Austria'),(440,'Sohail','Abdallah','1987-10-09','M','English','vince36@example.com','03696199186','6f13abe517ae3a8e7c55a2bef3701d3920809756','Kazakhstan'),(441,'Mohmaed','Sheta','1974-05-29','M','Arabic','tromp.alphonso@example.net','124.949.7368','f001743d277a5b486310a1542e223cdc77d5ca44','Luxembourg'),(442,'Sheta','Abdallah','2001-03-16','F','English','mervin.buckridge@example.org','1-641-900-0328','dd066ec733fe408d937d8f67bb06c272efa2c6fb','Botswana'),(443,'Abdelrahman','Sohail','2011-04-17','F','English','wehner.emerson@example.net','806.128.3998x7314','f83dcde3df3e69f634a78d081d43e72e0d6b710f','Congo'),(444,'Dawood','Sohail','1988-03-25','F','Arabic','ggleason@example.org','340-063-3378','f1f8d129782cce9515894764d892af2d37df374a','Egypt'),(445,'Sohail','Dawood','2010-10-03','M','English','robel.reyna@example.org','(134)850-1894','d69e0c67427a6143053cfd2193d458b8deaa2bc1','Christmas Island'),(446,'Sohail','Mosaab','2008-11-02','M','Arabic','tabitha.pouros@example.org','1-568-508-9039x5057','a4db10e5d852cea4180eed29748503019b97eaa7','Croatia'),(447,'Ayman','Sheta','2019-07-14','F','English','hugh76@example.net','(894)835-7003x4994','46cab3c3a072936dbeedbfd2485e50b0d659109d','Heard Island and McDonald Islands'),(448,'Mahmoud','Dawood','1992-04-30','F','English','adrianna.reynolds@example.org','(306)540-7492x1599','3c5a45ac09a1fef23fa4f2574e07395baece0929','Saint Kitts and Nevis'),(449,'Sheta','Sohail','2002-12-30','M','Arabic','berge.anabel@example.com','(873)213-3913x6354','3983cf46d0b8fd2895ff0ff04ba66dc1fa96af7c','Azerbaijan'),(450,'Omar','Yahia','2003-09-28','M','Arabic','sheila21@example.com','277.099.3612x9694','2b8117100f03fe11a8e62c32f6b890af7f4f05c3','Saint Barthelemy'),(451,'Abdallah','Hamza','2019-02-18','F','English','ross01@example.org','(757)279-6526x9797','75690c88b33ab05c60028312686657465738647d','Angola'),(452,'Ragad','Salman','2002-03-16','F','Arabic','wgutmann@example.org','1-238-640-0532','6995ee77527007184032381f1ba32f946b9eb080','Belarus'),(453,'Mosaab','Sheta','2015-04-02','F','Arabic','estevan54@example.org','742-966-5691','82b301f88a6cb5e4feb0349431c53099b7ff7e02','Latvia'),(454,'Mahmoud','Mostafa','1997-10-24','F','English','javon80@example.org','(650)912-1143x8893','32992ccffbc41148d76c92ae6b685d1e8096a592','Vanuatu'),(455,'Hamza','Ayman','1988-10-09','M','English','littel.chauncey@example.com','+30(0)2881008231','36827104bf5b2317ee2e7140af062220a17f2cd3','Central African Republic'),(456,'Sheta','Omar','1999-06-08','F','English','vherman@example.org','06854505432','e7aa8fa39b2ca15a611d1e20d2b2e84d2159a15a','Finland'),(457,'Sohail','Sheta','2019-10-10','F','Arabic','kolby27@example.net','1-113-035-4688','be1eae4924a509568582dab24bc818ddd5daf807','Dominican Republic'),(458,'Anas','Dawood','1990-07-14','F','English','yschmitt@example.org','118-240-8837','f17ab419c8fa9679f9da95a5d5560c9c0bae971e','Antigua and Barbuda'),(459,'Azza','Yahia','1994-08-22','M','Arabic','ava.schinner@example.org','1-327-719-4655','a9b716123b193930cf591bb42a3a044658a4e069','Mozambique'),(460,'Mahmoud','Ayman','1974-03-02','M','Arabic','garfield.corwin@example.org','1-807-121-9162','8073f624fbe3f6f740fd8748037cbc78089ba014','France'),(461,'Mosaab','Mosaab','1978-09-03','F','English','patience.stark@example.com','470.784.4029','daf9e856ddd0ecf4437a1a934445be97e6d2d4a6','Russian Federation'),(462,'Mohmaed','Omar','2016-06-01','M','Arabic','connelly.arnoldo@example.com','669.213.5232','79e3eb55a9c7d31567636b36059a3bd9080189d8','Kyrgyz Republic'),(463,'Omar','Mahmoud','2013-10-01','M','Arabic','jeanne.o\'reilly@example.org','1-027-454-3385x7383','1a428c703838b40e38e1c6f2f1fea77713c94c87','Azerbaijan'),(464,'Mahmoud','Abdelrahman','1982-12-14','M','English','amanda02@example.net','862.783.8418x0919','fcfa3ee1d63822823283f71d7496a9f74bc8cd8b','United Arab Emirates'),(465,'Dawood','Mohmaed','1995-02-23','M','Arabic','olaf.lueilwitz@example.org','147-356-3574x3115','e01be35e7e6163cdf620b17faee8c8a7398e7544','Ukraine'),(466,'Sohail','Salman','2007-07-23','M','English','iyundt@example.org','570-448-7118x7795','c6aa08d2950fab4e3dabbf2e6b0909c0ce24bb11','Sweden'),(467,'Abdallah','Hamza','2001-08-17','F','Arabic','green.mervin@example.org','(907)442-1816x9233','70f90a1a83793cc2409e31459bc174d73891ab68','Cayman Islands'),(468,'Ayman','Dawood','1979-09-13','F','Arabic','javonte.koelpin@example.org','(209)987-5516','1f019fe716b98aed24d4e56d045ae56bda35a871','New Zealand'),(469,'Mostafa','Mosaab','1989-01-19','F','English','eunice.shields@example.com','396-782-1919','f771d156732530b93be63cf4230061f7e121604b','Western Sahara'),(470,'Sohail','Omar','2020-10-16','F','Arabic','kuhic.wendell@example.com','893-639-4508x98202','8276bdf74fdafc00ab3e10459bf5e6746e791fdd','Congo'),(471,'Ayman','Mosaab','2009-10-16','F','English','willard35@example.net','014-678-9850','815684e9e4b1e5c0463e72e83dbdaf71c31bcc83','Ukraine'),(472,'Hazem','Omar','1986-09-25','F','English','percy64@example.org','089.098.3231x115','66c6582de48b438c3fe298926a86fe04067cf62d','Lao People\'s Democratic Republic'),(473,'Mosaab','Abdallah','1976-03-03','M','Arabic','hyman.thompson@example.org','1-637-316-5472x3945','28575d0348f3092bdc0778bb9dc7c0c61a074e42','Barbados'),(474,'Somia','Ayman','1975-07-02','F','English','leslie.kunze@example.com','855.277.3953x946','f4343a2df3ec8d0dbeb48aedc5f74b39e46506b9','Korea'),(475,'Hamza','Yahia','2008-02-24','M','Arabic','jennifer81@example.net','586-899-8200','421683e92a4eb209d696d5b9d952d3bacf23cbcf','Nepal'),(476,'Anas','Sheta','2000-03-19','F','English','arowe@example.com','(415)286-9904','827dd89649cf9074c7b258c45655206482729538','Nigeria'),(477,'Mohmaed','Mosaab','2020-03-29','F','English','arielle34@example.org','(063)128-5175x46444','98019133befc340da2816a0c1458d4f357d038e7','Senegal'),(478,'Omar','Mahmoud','1980-01-09','M','Arabic','rdickinson@example.net','502.992.9089x80495','9ac45176ee9c1ccad6dcc9bd21f6257fabf8aa32','Ukraine'),(479,'Mosaab','Salman','2008-10-15','M','Arabic','runte.jeramy@example.com','02935737722','e63a70c07328494eefdb637aded489e2dec805dd','Papua New Guinea'),(480,'Omar','Mohmaed','2016-05-31','F','Arabic','mossie.batz@example.net','04221681701','dbd46238ceec434cf75836b49083b598b609cd32','Antigua and Barbuda'),(481,'Mahmoud','Mostafa','1996-02-16','F','Arabic','rice.ubaldo@example.com','298-771-6436','bbd5058fa4aa1af4f9bbe9c98ecaddf2889db73c','Lao People\'s Democratic Republic'),(482,'Mosaab','Dawood','2011-05-30','M','English','alden91@example.org','334.387.0998','4e6caead59e1bd46eac18eed7fef75e1346c3d7f','Taiwan'),(483,'Ragad','Hamza','1998-02-15','F','English','tfay@example.com','09360935222','8fb25808cd41dfd91f880f4f18fb338af14c701d','Malawi'),(484,'Dawood','Anas','1987-10-07','M','Arabic','norene43@example.net','576.736.1057x504','887d1118b294b50d7470a6419985b20b9a3052ee','Jordan'),(485,'Yahia','Salman','2007-01-23','F','Arabic','ngislason@example.org','+09(4)8894536555','9dad2da6dfe6054e53bb71b7a958969738cd4283','Wallis and Futuna'),(486,'Ayman','Mostafa','1970-04-26','M','English','vheidenreich@example.org','1-666-022-8475x79804','e5a5db0bf441e8f7548ba2f915635b970d1ae19e','Morocco'),(487,'Somia','Mahmoud','2011-07-12','F','English','schmitt.fredrick@example.net','(188)784-2900x21368','9700b34f24c3614b4bc1d1114ef08fa61411be23','Thailand'),(488,'Sheta','Dawood','1994-07-09','M','English','lluettgen@example.com','656.285.0989','66e4c1ec36953076a1c4b09d1ef056a911a359c6','Palestinian Territory'),(489,'Hazem','Yahia','1991-06-02','M','English','stiedemann.jamar@example.com','00894393963','bcdfbf3ad60741b79ee3f0ac912335022ecb2fe3','Latvia'),(490,'Mostafa','Anas','2003-02-27','F','Arabic','damaris66@example.net','(567)340-7737','4ece4b0fae70d861b3c9b2ab9066ffd820a11501','Malawi'),(491,'Omar','Abdallah','1992-05-08','M','Arabic','lbartoletti@example.com','07738554858','2df21e8652a448786e486c52c2476f4fde79485f','Ecuador'),(492,'Azza','Abdelrahman','1993-12-22','F','English','hane.oleta@example.org','1-467-469-8269','18706da5cea706fa8a370ff071cfe33fa25d67bf','Iceland'),(493,'Abdallah','Omar','1990-09-20','M','English','ashley.crooks@example.org','(598)796-4878','37135b4fe1a9915a10b6fe4f92d64116a47cb385','Armenia'),(494,'Sohail','Salman','2000-01-11','M','English','denis21@example.org','393-790-8719','f8942d4f030e43a1fdd7ff273e4659087e23498c','Qatar'),(495,'Omar','Yahia','2020-10-13','M','English','loma.kutch@example.net','1-174-130-1645x5970','b0fa18f758fedee382c5c7fae1d30385c4f11c8a','Macedonia'),(496,'Salman','Mahmoud','1980-08-29','F','English','mfay@example.com','+45(7)3552954666','ca604ed14a015b82a1d52d677263da391f2f9fa0','Lithuania'),(497,'Mahmoud','Anas','1993-01-02','F','English','pinkie.schaefer@example.net','(641)045-3762x02345','a45b01395022ba3b49621d87544fa72cd9fdde20','Korea'),(498,'Azza','Dawood','2016-08-05','F','English','jacynthe.parker@example.net','(454)703-7643x412','f04d59545edd09a6398034afe1d7e3786a8c5777','Bahrain'),(499,'Mahmoud','Abdelrahman','1973-07-06','F','English','reynolds.spencer@example.org','197.203.2321x3702','1ce7315fe50dddaffe887cdd42e84f0ea088b724','Sao Tome and Principe'),(500,'Mosaab','Mahmoud','1989-01-29','F','Arabic','kara.champlin@example.net','(234)013-7988x1764','d1cfa28ae1b5f82826dab4d98c1453b27d33d161','El Salvador'),(501,'anas8','ayman','2016-04-09','M','arabic','anas@example.org','506-063-9958x80646','2c19cabe531fff997b92a66bf3085d78b59bf9ab','374 Emard Station Suite 070\nSouth Freddy, MI 02260');
/*!40000 ALTER TABLE `users` ENABLE KEYS */;
UNLOCK TABLES;

--
-- Table structure for table `visitor_preferences`
--

DROP TABLE IF EXISTS `visitor_preferences`;
/*!40101 SET @saved_cs_client     = @@character_set_client */;
/*!50503 SET character_set_client = utf8mb4 */;
CREATE TABLE `visitor_preferences` (
  `visitor_id` int NOT NULL,
  `preference_id` int NOT NULL,
  PRIMARY KEY (`visitor_id`,`preference_id`),
  KEY `preference_id` (`preference_id`),
  CONSTRAINT `visitor_preferences_ibfk_1` FOREIGN KEY (`visitor_id`) REFERENCES `visitors` (`user_id`) ON DELETE CASCADE ON UPDATE CASCADE,
  CONSTRAINT `visitor_preferences_ibfk_2` FOREIGN KEY (`preference_id`) REFERENCES `preferences` (`id`) ON DELETE CASCADE ON UPDATE CASCADE
) ENGINE=InnoDB DEFAULT CHARSET=utf8mb4 COLLATE=utf8mb4_0900_ai_ci;
/*!40101 SET character_set_client = @saved_cs_client */;

--
-- Dumping data for table `visitor_preferences`
--

LOCK TABLES `visitor_preferences` WRITE;
/*!40000 ALTER TABLE `visitor_preferences` DISABLE KEYS */;
INSERT INTO `visitor_preferences` VALUES (1,1),(2,1),(3,1),(5,1),(7,1),(11,1),(13,1),(37,1),(39,1),(44,1),(46,1),(49,1),(51,1),(52,1),(57,1),(72,1),(76,1),(85,1),(86,1),(87,1),(105,1),(109,1),(112,1),(122,1),(123,1),(137,1),(140,1),(150,1),(151,1),(156,1),(169,1),(174,1),(176,1),(178,1),(179,1),(180,1),(185,1),(190,1),(4,2),(8,2),(14,2),(15,2),(25,2),(27,2),(48,2),(50,2),(53,2),(54,2),(55,2),(56,2),(58,2),(61,2),(63,2),(64,2),(65,2),(67,2),(69,2),(78,2),(79,2),(84,2),(88,2),(89,2),(92,2),(93,2),(106,2),(108,2),(113,2),(116,2),(125,2),(127,2),(129,2),(130,2),(131,2),(134,2),(135,2),(142,2),(143,2),(163,2),(171,2),(4,3),(10,3),(33,3),(40,3),(49,3),(50,3),(68,3),(71,3),(73,3),(74,3),(82,3),(96,3),(104,3),(120,3),(128,3),(139,3),(144,3),(155,3),(160,3),(161,3),(165,3),(166,3),(173,3),(175,3),(183,3),(187,3),(3,4),(5,4),(6,4),(9,4),(23,4),(26,4),(28,4),(29,4),(32,4),(34,4),(36,4),(41,4),(42,4),(43,4),(51,4),(52,4),(56,4),(57,4),(62,4),(66,4),(77,4),(80,4),(81,4),(82,4),(84,4),(98,4),(99,4),(100,4),(101,4),(103,4),(107,4),(118,4),(121,4),(124,4),(132,4),(138,4),(147,4),(157,4),(158,4),(162,4),(170,4),(172,4),(182,4),(186,4),(189,4),(1,5),(2,5),(4,5),(5,5),(12,5),(35,5),(38,5),(47,5),(48,5),(53,5),(54,5),(59,5),(60,5),(62,5),(78,5),(81,5),(83,5),(85,5),(87,5),(90,5),(91,5),(102,5),(114,5),(117,5),(119,5),(126,5),(133,5),(136,5),(141,5),(148,5),(153,5),(154,5),(159,5),(164,5),(177,5),(184,5),(188,5),(24,6),(30,6),(31,6),(45,6),(55,6),(58,6),(61,6),(70,6),(75,6),(77,6),(79,6),(80,6),(83,6),(86,6),(94,6),(95,6),(97,6),(110,6),(111,6),(115,6),(149,6),(152,6),(167,6),(168,6),(181,6),(201,6);
/*!40000 ALTER TABLE `visitor_preferences` ENABLE KEYS */;
UNLOCK TABLES;

--
-- Table structure for table `visitors`
--

DROP TABLE IF EXISTS `visitors`;
/*!40101 SET @saved_cs_client     = @@character_set_client */;
/*!50503 SET character_set_client = utf8mb4 */;
CREATE TABLE `visitors` (
  `user_id` int NOT NULL,
  PRIMARY KEY (`user_id`),
  CONSTRAINT `visitors_ibfk_1` FOREIGN KEY (`user_id`) REFERENCES `users` (`id`) ON DELETE CASCADE ON UPDATE CASCADE
) ENGINE=InnoDB DEFAULT CHARSET=utf8mb4 COLLATE=utf8mb4_0900_ai_ci;
/*!40101 SET character_set_client = @saved_cs_client */;

--
-- Dumping data for table `visitors`
--

LOCK TABLES `visitors` WRITE;
/*!40000 ALTER TABLE `visitors` DISABLE KEYS */;
INSERT INTO `visitors` VALUES (1),(2),(3),(4),(5),(6),(7),(8),(9),(10),(11),(12),(13),(14),(15),(16),(17),(18),(19),(20),(21),(22),(23),(24),(25),(26),(27),(28),(29),(30),(31),(32),(33),(34),(35),(36),(37),(38),(39),(40),(41),(42),(43),(44),(45),(46),(47),(48),(49),(50),(51),(52),(53),(54),(55),(56),(57),(58),(59),(60),(61),(62),(63),(64),(65),(66),(67),(68),(69),(70),(71),(72),(73),(74),(75),(76),(77),(78),(79),(80),(81),(82),(83),(84),(85),(86),(87),(88),(89),(90),(91),(92),(93),(94),(95),(96),(97),(98),(99),(100),(101),(102),(103),(104),(105),(106),(107),(108),(109),(110),(111),(112),(113),(114),(115),(116),(117),(118),(119),(120),(121),(122),(123),(124),(125),(126),(127),(128),(129),(130),(131),(132),(133),(134),(135),(136),(137),(138),(139),(140),(141),(142),(143),(144),(145),(146),(147),(148),(149),(150),(151),(152),(153),(154),(155),(156),(157),(158),(159),(160),(161),(162),(163),(164),(165),(166),(167),(168),(169),(170),(171),(172),(173),(174),(175),(176),(177),(178),(179),(180),(181),(182),(183),(184),(185),(186),(187),(188),(189),(190),(191),(192),(193),(194),(195),(196),(197),(198),(199),(200),(201),(202),(203),(204),(205),(206),(207),(208),(209),(210),(211),(212),(213),(214),(215),(216),(217),(218),(219),(220),(221),(222),(223),(224),(225),(226),(227),(228),(229),(230),(231),(232),(233),(234),(235),(236),(237),(238),(239),(240),(241),(242),(243),(244),(245),(246),(247),(248),(249),(250);
/*!40000 ALTER TABLE `visitors` ENABLE KEYS */;
UNLOCK TABLES;

--
-- Table structure for table `vistorRewards`
--

DROP TABLE IF EXISTS `vistorRewards`;
/*!40101 SET @saved_cs_client     = @@character_set_client */;
/*!50503 SET character_set_client = utf8mb4 */;
CREATE TABLE `vistorRewards` (
  `reward_id` int NOT NULL,
  `visitor_id` int NOT NULL,
  PRIMARY KEY (`reward_id`,`visitor_id`),
  KEY `visitor_id` (`visitor_id`),
  CONSTRAINT `vistorrewards_ibfk_1` FOREIGN KEY (`reward_id`) REFERENCES `rewards` (`id`) ON DELETE CASCADE ON UPDATE CASCADE,
  CONSTRAINT `vistorrewards_ibfk_2` FOREIGN KEY (`visitor_id`) REFERENCES `visitors` (`user_id`) ON DELETE CASCADE ON UPDATE CASCADE
) ENGINE=InnoDB DEFAULT CHARSET=utf8mb4 COLLATE=utf8mb4_0900_ai_ci;
/*!40101 SET character_set_client = @saved_cs_client */;

--
-- Dumping data for table `vistorRewards`
--

LOCK TABLES `vistorRewards` WRITE;
/*!40000 ALTER TABLE `vistorRewards` DISABLE KEYS */;
/*!40000 ALTER TABLE `vistorRewards` ENABLE KEYS */;
UNLOCK TABLES;
/*!40103 SET TIME_ZONE=@OLD_TIME_ZONE */;

/*!40101 SET SQL_MODE=@OLD_SQL_MODE */;
/*!40014 SET FOREIGN_KEY_CHECKS=@OLD_FOREIGN_KEY_CHECKS */;
/*!40014 SET UNIQUE_CHECKS=@OLD_UNIQUE_CHECKS */;
/*!40101 SET CHARACTER_SET_CLIENT=@OLD_CHARACTER_SET_CLIENT */;
/*!40101 SET CHARACTER_SET_RESULTS=@OLD_CHARACTER_SET_RESULTS */;
/*!40101 SET COLLATION_CONNECTION=@OLD_COLLATION_CONNECTION */;
/*!40111 SET SQL_NOTES=@OLD_SQL_NOTES */;

-- Dump completed on 2022-03-27  0:14:39
